"","kegg_id","median_MDA","quantile_25","quantile_75","gene_name","pathways","kegg_orthologs","propionate_pathway","butyrate_pathway","acetate_pathway","isobutyrate_pathway","other_pathway"
"1","K01128",17.6489751649684,15.0917385901914,21.0018405313572,"SMPDL3","_","_",0,0,0,0,1
"2","K08589",16.9548515480691,13.6445811491107,19.5217715177689,"rgpA_B","Cationic antimicrobial peptide (CAMP) resistance_","ko01503_",0,0,0,0,1
"3","K08138",3.46132753609421,2.45121279713828,4.11801664847131,"xylE","_","_",0,0,0,0,1
"4","K03851",1.42541854714704,0.839190147988107,2.1233658051991,"tpa","Taurine and hypotaurine metabolism_Metabolic pathways_","ko00430_ko01100_",0,0,1,0,0
"5","K12344",1.38286897855929,0.669132812414595,2.16983421431054,"SRD5A2","Steroid hormone biosynthesis_Prostate cancer_","ko00140_ko05215_",0,0,0,0,1
"6","K02173",1.34332862928151,0.750765604168608,1.86382778700139,"yggC","_","_",0,0,0,0,1
"7","K04021",1.31143522831994,0.750003857405975,2.30291808041451,"eutE","Pyruvate metabolism_Metabolic pathways_Microbial metabolism in diverse environments_","ko00620_ko01100_ko01120_",0,0,1,0,0
"8","K02771",1.0019853314717,0.09094413084296,1.80413561390837,"PTS-Fru1-EIID, levG","Fructose and mannose metabolism_Phosphotransferase system (PTS)_","ko00051_ko02060_",0,0,0,0,1
"9","K02508",0.977673779390853,0.28808399582862,1.70296984528193,"hpaA","_","_",0,0,0,0,1
"10","K11046",0.95345474797231,0.182205934939177,1.43506400120992,"sagA","_","_",0,0,0,0,1
"11","K13923",0.931310319137113,0.158313477099076,1.92815406600063,"pduL","Propanoate metabolism_","ko00640_",1,0,1,0,0
"12","K00096",0.891390365549107,0.379040069565091,1.98908885204231,"araM, egsA","Glycerophospholipid metabolism_","ko00564_",0,0,0,0,1
"13","K05395",0.868090851689616,0.17086608103522,1.27642991078048,NA,NA,NA,0,0,0,0,1
"14","K10672",0.818983754078603,0.276463763557858,1.41848009526643,"grdB","_","_",0,0,0,0,1
"15","K13921",0.807342959590784,0.127414296664203,1.48203611821241,"pduQ","Propanoate metabolism_","ko00640_",1,0,1,0,0
"16","K12999",0.785164779102352,0.286819981958139,1.34395901131885,"rgpI","_","_",0,0,0,0,1
"17","K00094",0.742608282246328,0.373198367309375,1.16118586394109,"E1.1.1.251, gatD","Galactose metabolism_Metabolic pathways_","ko00052_ko01100_",0,0,0,0,1
"18","K11704",0.712617923034807,-0.0647611212765045,1.4248951283165,"mtsA","ABC transporters_","ko02010_",0,0,0,0,1
"19","K13480",0.712558850373311,0.0864839717410969,1.15506903595962,"ygeU, xdhC","Purine metabolism_Metabolic pathways_Microbial metabolism in diverse environments_","ko00230_ko01100_ko01120_",0,0,0,0,1
"20","K13636",0.684053510529596,0.250887080212424,1.22534777282691,"dsdC","_","_",0,0,0,0,1
"21","K12143",0.652321265491882,0.0666306901739796,1.23742035090714,"hyfH","_","_",0,0,0,0,1
"22","K03221",0.636157564505385,0.170670822476895,1.32875780167503,"yscF, sctF","Bacterial secretion system_","ko03070_",0,0,0,0,1
"23","K00879",0.628004781208644,0.195513078444054,1.31439573351394,"fucK","Fructose and mannose metabolism_Microbial metabolism in diverse environments_","ko00051_ko01120_",0,0,0,0,1
"24","K08315",0.596320880974309,-0.102947826769827,1.29986085831092,"hycI","_","_",0,0,0,0,1
"25","K02506",0.594096283993267,0.00340429276328248,1.16382531701469,"hofD, hopD","_","_",0,0,0,0,1
"26","K12997",0.589136226596365,0.163803344707822,1.27487637884614,"rgpB","_","_",0,0,0,0,1
"27","K01085",0.556226638830325,0.0421421678086805,1.16682120092878,"agp","Glycolysis / Gluconeogenesis_Microbial metabolism in diverse environments_","ko00010_ko01120_",0,0,1,0,0
"28","K11202",0.551373864468836,0.0691219417222166,1.06993103013967,"PTS-Fru2-EIIB","_","_",0,0,0,0,1
"29","K01460",0.545476423559801,0.0884239960005923,0.943720178352084,"gsp","Glutathione metabolism_Metabolic pathways_","ko00480_ko01100_",0,0,0,0,1
"30","K04641",0.524753221992622,0.00566560386184515,1.09350338010878,"bop","_","_",0,0,0,0,1
"31","K14081",0.523813497510826,-0.00517127352715632,1.39839692026865,"mtaC","Methane metabolism_Microbial metabolism in diverse environments_Carbon metabolism_","ko00680_ko01120_ko01200_",0,0,1,0,0
"32","K05789",0.51612048338377,-0.0240514255765501,0.948469281629194,"wzzB","_","_",0,0,0,0,1
"33","K07268",0.514796437034845,-0.0139622042557349,0.969413354595225,"oapA","_","_",0,0,0,0,1
"34","K12107",0.500500751252192,0.0626542554944878,0.882200469227676,"cag22","Epithelial cell signaling in Helicobacter pylori infection_","ko05120_",0,0,0,0,1
"35","K01216",0.494273473154844,-0.00820803422324483,1.12158450838332,"E3.2.1.73","_","_",0,0,0,0,1
"36","K11049",0.49314475695862,-0.215376916135837,1.24564160402978,"cylG","_","_",0,0,0,0,1
"37","K10670",0.491410027351197,0.0318378228101567,1.05812530391212,"grdA","_","_",0,0,0,0,1
"38","K03796",0.485710875142736,0.0702577192680745,0.845917059358745,"bax","_","_",0,0,0,0,1
"39","K12145",0.465704894950242,-0.109109374502893,0.871089148771653,"hyfJ","_","_",0,0,0,0,1
"40","K09900",0.463553385754851,0.02127483787558,0.905548422418639,"K09900","_","_",0,0,0,0,1
"41","K13280",0.444244651075451,0,1.08649369551913,"SEC11, sipW","Protein export_","ko03060_",0,0,0,0,1
"42","K04020",0.432310289653127,0.0453405747063254,1.06437111047642,"eutD","Pyruvate metabolism_Metabolic pathways_","ko00620_ko01100_",0,0,1,0,0
"43","K03533",0.426292022905916,-0.0403565553634013,0.891161097538267,"torD","Two-component system_","ko02020_",0,0,0,0,1
"44","K03332",0.425102466779337,-0.13656331929958,0.910128784250425,"fruA","Fructose and mannose metabolism_","ko00051_",0,0,0,0,1
"45","K03079",0.420324234041254,-0.0872061972561689,0.935956381573875,"ulaE, sgaU, sgbU","Pentose and glucuronate interconversions_Ascorbate and aldarate metabolism_Metabolic pathways_Microbial metabolism in diverse environments_","ko00040_ko00053_ko01100_ko01120_",0,0,0,0,1
"46","K00785",0.415598088574646,-0.215536032849415,0.924683161955874,"lst","_","_",0,0,0,0,1
"47","K10796",0.41191666918106,-0.234436979246336,1.06836637341853,"prdE","_","_",0,0,0,0,1
"48","K12142",0.372588863237958,-0.0290657839000787,0.930617356735081,"hyfG","_","_",0,0,0,0,1
"49","K13651",0.369853606282432,-0.110598892936346,0.836682368536775,"mqsR","_","_",0,0,0,0,1
"50","K00385",0.368672962837475,-0.113221157680013,0.690183302018613,"asrC","Sulfur metabolism_Microbial metabolism in diverse environments_","ko00920_ko01120_",0,0,1,0,0
"51","K12343",0.363253513375039,-0.181155102825891,0.893479748464075,"SRD5A1","Steroid hormone biosynthesis_","ko00140_",0,0,0,0,1
"52","K12138",0.33420249099876,-0.346568668231751,0.891194055133465,"hyfC","_","_",0,0,0,0,1
"53","K12144",0.333800400413215,-0.131340837414562,0.716103353066754,"hyfI","_","_",0,0,0,0,1
"54","K02814",0.323592969897049,-0.138971253362585,0.945485579727636,"PTS-Sor-EIIC, sorA","Fructose and mannose metabolism_Phosphotransferase system (PTS)_","ko00051_ko02060_",0,0,0,0,1
"55","K06928",0.322076561624928,-0.0998289821334977,1.41924239272838,"NTPCR","Purine metabolism_Thiamine metabolism_Metabolic pathways_","ko00230_ko00730_ko01100_",0,0,0,0,1
"56","K11705",0.299492548485835,-0.161437998252084,0.927343475208975,"mtsC","ABC transporters_","ko02010_",0,0,0,0,1
"57","K04032",0.299134024092264,-0.114660051354215,0.690761740878343,"eutT","Porphyrin and chlorophyll metabolism_Metabolic pathways_","ko00860_ko01100_",0,0,0,0,1
"58","K07405",0.283398472838387,-0.156187998723409,0.643733318231656,"E3.2.1.1A","Starch and sucrose metabolism_Metabolic pathways_","ko00500_ko01100_",0,0,0,0,1
"59","K01062",0.281424227669968,-0.432282913102239,0.667938484795469,"PLA2G7, PAFAH","Ether lipid metabolism_Metabolic pathways_Biosynthesis of secondary metabolites_Biosynthesis of antibiotics_","ko00565_ko01100_ko01110_ko01130_",0,0,0,0,1
"60","K08298",0.274057300533186,-0.271262191595658,0.75890695077438,"caiB","_","_",0,0,0,0,1
"61","K11706",0.263718726753094,-0.213639908991511,0.856962459629718,"mtsB","ABC transporters_","ko02010_",0,0,0,0,1
"62","K07311",0.252487745522332,-0.253415172053796,0.709032388033351,"ynfG","_","_",0,0,0,0,1
"63","K06330",0.250321896787867,-0.146234210352583,0.706415964149681,"cotH","_","_",0,0,0,0,1
"64","K10908",0.23503053186841,-0.252200177757166,0.619143346088115,"POLRMT, RPO41","_","_",0,0,0,0,1
"65","K03537",0.225519171486875,-0.10021502259849,0.625425189386831,"POP5","Ribosome biogenesis in eukaryotes_RNA transport_","ko03008_ko03013_",0,0,0,0,1
"66","K04059",0.224154178124757,-0.171324729274054,0.663811998129754,"yscX, sctX","Bacterial secretion system_","ko03070_",0,0,0,0,1
"67","K14084",0.222910577626799,-0.177939395775168,0.611002552613204,"mttC","Methane metabolism_Microbial metabolism in diverse environments_Carbon metabolism_","ko00680_ko01120_ko01200_",0,0,1,0,0
"68","K10010",0.217548267895743,-0.0831690382928528,0.504128559888017,"ABC.CYST.A","ABC transporters_","ko02010_",0,0,0,0,1
"69","K05600",0.217019856756356,-0.366011538322195,0.657660405412242,"antB","Aminobenzoate degradation_Microbial metabolism in diverse environments_","ko00627_ko01120_",0,0,0,0,1
"70","K06951",0.210530718734725,-0.113834784964838,0.634596675352039,"K06951","_","_",0,0,0,0,1
"71","K00968",0.183047726331867,-0.120672180171097,0.520737385849793,"PCYT1","Phosphonate and phosphinate metabolism_Glycerophospholipid metabolism_Metabolic pathways_Choline metabolism in cancer_","ko00440_ko00564_ko01100_ko05231_",0,0,1,0,0
"72","K02815",0.181420737499749,-0.174502034974165,0.703597201336041,"PTS-Sor-EIID, sorM","Fructose and mannose metabolism_Phosphotransferase system (PTS)_","ko00051_ko02060_",0,0,0,0,1
"73","K11626",0.175446952609604,-0.525050711629746,1.00134727346518,"glnT","Two-component system_","ko02020_",0,0,0,0,1
"74","K01846",0.172715243102778,0,0.537417307629166,"glmS, mutS, mamA","Glyoxylate and dicarboxylate metabolism_C5-Branched dibasic acid metabolism_Metabolic pathways_Carbon metabolism_","ko00630_ko00660_ko01100_ko01200_",0,0,1,0,0
"75","K09132",0.168941836105024,-0.258675420056495,0.500500751252192,"K09132","_","_",0,0,0,0,1
"76","K14089",0.165779106025156,-0.14722133487325,0.553801279083009,"echD","_","_",0,0,0,0,1
"77","K11063",0.164008462091619,-0.20642643645896,0.690742452423305,"tcdAB","Quorum sensing_","ko02024_",0,0,0,0,1
"78","K03399",0.160444477019352,-0.279575215504378,0.680042770989293,"cbiE","Porphyrin and chlorophyll metabolism_Metabolic pathways_","ko00860_ko01100_",0,0,0,0,1
"79","K00293",0.156760285378717,-0.279021422925825,0.604072015406839,"LYS9","Lysine biosynthesis_Lysine degradation_Metabolic pathways_Biosynthesis of secondary metabolites_Biosynthesis of antibiotics_Biosynthesis of amino acids_","ko00300_ko00310_ko01100_ko01110_ko01130_ko01230_",0,0,0,0,1
"80","K07469",0.155127801843891,-0.183627025937314,0.667216985365927,"mop","_","_",0,0,0,0,1
"81","K12139",0.154466261386761,-0.431936093730414,0.695821700894048,"hyfD","_","_",0,0,0,0,1
"82","K14940",0.153118738735542,-0.500854211263416,0.691743446759575,"cofF","Methane metabolism_Microbial metabolism in diverse environments_","ko00680_ko01120_",0,0,1,0,0
"83","K01905",0.15225766738698,-0.280817528352861,0.515417899382354,"acdA","Glycolysis / Gluconeogenesis_Pyruvate metabolism_Propanoate metabolism_Metabolic pathways_Microbial metabolism in diverse environments_","ko00010_ko00620_ko00640_ko01100_ko01120_",1,0,1,0,0
"84","K01160",0.146002539612338,-0.192088858790304,0.500500751252192,"rusA","_","_",0,0,0,0,1
"85","K10202",0.137507016332214,-0.26067710474275,0.458440623836288,"ABC.NGC.P1","ABC transporters_","ko02010_",0,0,0,0,1
"86","K03191",0.136460998136197,-0.120884163047265,0.47404261036069,"ureI","Epithelial cell signaling in Helicobacter pylori infection_","ko05120_",0,0,0,0,1
"87","K12996",0.13364385528364,-0.219466104342833,0.443739075880416,"rgpA","_","_",0,0,0,0,1
"88","K09729",0.129627524916423,-0.252831757420852,0.431023128838567,"K09729","_","_",0,0,0,0,1
"89","K04109",0.128543535980554,-0.340968776721328,0.631765646086033,"hcrB, hbaD","Benzoate degradation_Aminobenzoate degradation_Metabolic pathways_Microbial metabolism in diverse environments_Degradation of aromatic compounds_","ko00362_ko00627_ko01100_ko01120_ko01220_",0,0,0,0,1
"90","K10201",0.128241244739589,-0.19042260421908,0.501867646716503,"ABC.NGC.P","ABC transporters_","ko02010_",0,0,0,0,1
"91","K10122",0.12398640311805,-0.13222767148583,0.4501342167281,"K10122, msmG","_","_",0,0,0,0,1
"92","K10795",0.122301583701211,-0.190395412678151,0.761747937405757,"prdD","_","_",0,0,0,0,1
"93","K10558",0.121831055431235,-0.314389699231984,0.621299009521574,"lsrA, ego","ABC transporters_Quorum sensing_","ko02010_ko02024_",0,0,0,0,1
"94","K10120",0.107894215845061,-0.408796297268692,0.385277005963005,"K10120, msmE","_","_",0,0,0,0,1
"95","K02436",0.106496606154718,-0.305111221413022,0.498535045395049,"gatR","_","_",0,0,0,0,1
"96","K12998",0.10640011834812,-0.320648791179927,0.727177002562484,"rgpE","_","_",0,0,0,0,1
"97","K07318",0.10324772245251,-0.316746338783361,0.469433802383933,"K07318","_","_",0,0,0,0,1
"98","K12700",0.102871808563253,-0.28851761181114,0.761078154713574,"rihC","_","_",0,0,0,0,1
"99","K07739",0.099718617880492,-0.462455484938081,0.558894570324715,"ELP3, KAT9","_","_",0,0,0,0,1
"100","K06036",0.09798880420554,-0.360003678421502,0.754596392329647,NA,NA,NA,0,0,0,0,1
"101","K09384",0.096425053878713,-0.199116664995024,0.523783811096963,"K09384","_","_",0,0,0,0,1
"102","K11200",0.0952037741517837,-0.288409248454047,0.514946626344292,"PTS-Mng-EIIC, mngA, hrsA","Phosphotransferase system (PTS)_","ko02060_",0,0,0,0,1
"103","K08600",0.0901089408867561,-0.285991610795035,0.544945779339807,"srtB","_","_",0,0,0,0,1
"104","K14088",0.0869099953283377,-0.217579901457627,0.51359316425799,"echC","_","_",0,0,0,0,1
"105","K03620",0.0842454235907709,0,0.500500751252192,"hyaC","Two-component system_","ko02020_",0,0,0,0,1
"106","K00532",0.083394905858852,-0.264873501169615,0.67487525671322,"E1.12.7.2","_","_",0,0,0,0,1
"107","K09711",0.0761136444595806,-0.209366286652698,0.682027811043147,"K09711","_","_",0,0,0,0,1
"108","K02102",0.0739935363249104,-0.302672378165902,0.500500751252192,NA,NA,NA,0,0,0,0,1
"109","K09128",0.0719589406502909,-0.295313304328328,0.433879587875453,"K09128","_","_",0,0,0,0,1
"110","K10711",0.0664760689399687,-0.309849713058159,0.381878493121408,"frlR","_","_",0,0,0,0,1
"111","K07310",0.0618602712442235,-0.467050543515257,0.395102077260444,"ynfF","Selenocompound metabolism_","ko00450_",0,0,0,0,1
"112","K00032",0.0617855980253622,-0.43487492601081,0.501189143388146,"E1.1.1.43","Pentose phosphate pathway_Glutathione metabolism_Metabolic pathways_Microbial metabolism in diverse environments_","ko00030_ko00480_ko01100_ko01120_",0,0,0,0,1
"113","K10557",0.0610138940023377,-0.563946402776254,0.485375883434402,"lsrD","ABC transporters_Quorum sensing_","ko02010_ko02024_",0,0,0,0,1
"114","K03779",0.0570316533523285,-0.342157120258882,0.426251873255005,"ttdA","Glyoxylate and dicarboxylate metabolism_","ko00630_",0,0,0,0,1
"115","K03780",0.0555379655620918,-0.212058258867283,0.48118728539967,"ttdB","Glyoxylate and dicarboxylate metabolism_","ko00630_",0,0,0,0,1
"116","K11441",0.0511159789087438,-0.43538723095478,0.500500751252191,"kguK","Pentose phosphate pathway_Metabolic pathways_Microbial metabolism in diverse environments_","ko00030_ko01100_ko01120_",0,0,0,0,1
"117","K06694",0.0505072039027456,-0.241995044719292,0.64029219080149,"PSMD10","_","_",0,0,0,0,1
"118","K00087",0.0489233982558702,-0.118842667606528,0.500500751252191,"ygeS, xdhA","Purine metabolism_Metabolic pathways_Microbial metabolism in diverse environments_","ko00230_ko01100_ko01120_",0,0,0,0,1
"119","K09789",0.0461525472411339,-0.135092360783104,0.500500751252191,"bioG","Biotin metabolism_Metabolic pathways_","ko00780_ko01100_",0,0,0,0,1
"120","K10200",0.0458679723144577,-0.358341008089252,0.467890205476276,"ABC.NGC.S","ABC transporters_","ko02010_",0,0,0,0,1
"121","K08302",0.044661911768714,-0.378055971601766,0.53412406701627,"gatY-kbaY","Galactose metabolism_Metabolic pathways_","ko00052_ko01100_",0,0,0,0,1
"122","K01667",0.0426909202234101,-0.287462967390263,0.286383163353171,"tnaA","Tryptophan metabolism_","ko00380_",0,0,0,0,1
"123","K01492",0.0411237472851096,-0.312935506546492,0.433775487358408,"purNH","Purine metabolism_One carbon pool by folate_Metabolic pathways_Biosynthesis of secondary metabolites_Biosynthesis of antibiotics_","ko00230_ko00670_ko01100_ko01110_ko01130_",0,0,0,0,1
"124","K01583",0.035711636815024,-0.375699365224334,0.306122918237297,"E4.1.1.19","Arginine and proline metabolism_Metabolic pathways_","ko00330_ko01100_",0,0,0,0,1
"125","K11106",0.034635406296313,-0.56847673124629,0.563786877359681,"ttdT","_","_",0,0,0,0,1
"126","K01446",0.0340161459337615,-0.423044380832836,0.452271428367201,"PGRP","_","_",0,0,0,0,1
"127","K09759",0.033217001814378,-0.392721451539017,0.373708521282238,"aspC","Aminoacyl-tRNA biosynthesis_","ko00970_",0,0,0,0,1
"128","K05884",0.0295642396471474,-0.344136971523211,0.381462622901604,"comC","Methane metabolism_","ko00680_",0,0,1,0,0
"129","K11214",0.028379797316691,-0.173643977516228,0.284878574865158,"SHPK","Carbon fixation in photosynthetic organisms_","ko00710_",0,0,0,0,1
"130","K07162",0.0283732858846175,-0.498831857817964,0.5119284439076,"K07162","_","_",0,0,0,0,1
"131","K02103",0.0253837783147045,-0.207629433963957,0.412995807778522,"araR","_","_",0,0,0,0,1
"132","K11337",0.0238216691774915,-0.500500751252191,0.562418152143919,"bchC","Porphyrin and chlorophyll metabolism_Biosynthesis of secondary metabolites_","ko00860_ko01110_",0,0,0,0,1
"133","K02466",0.02071511851789,-0.269016961375226,0.345835614374681,"gutM","_","_",0,0,0,0,1
"134","K08567",0.0116818974603215,-0.41542482057928,0.468577303754355,NA,NA,NA,0,0,0,0,1
"135","K06921",0.0116348814497911,-0.0327928730196698,0.33301305429757,"K06921","_","_",0,0,0,0,1
"136","K10121",0.00841746168203739,-0.176449644135473,0.682667632015656,"K10121, msmF","_","_",0,0,0,0,1
"137","K14090",0.00552636810434051,-0.196789106059204,0.338988255538328,"echE","_","_",0,0,0,0,1
"138","K00125",0.00307530549462376,-0.579088116740848,0.455431700592643,"fdhB","Glyoxylate and dicarboxylate metabolism_Methane metabolism_Metabolic pathways_Microbial metabolism in diverse environments_Carbon metabolism_","ko00630_ko00680_ko01100_ko01120_ko01200_",0,0,1,0,0
"139","K00702",0.00263584458461458,-0.456769896826927,0.451991016328978,"E2.4.1.20","Starch and sucrose metabolism_Metabolic pathways_","ko00500_ko01100_",0,0,0,0,1
"140","K01155",0.00182831062328581,-0.0270909133289863,0.360394961507677,"E3.1.21.4","_","_",0,0,0,0,1
"141","K07650",0.000475240631570312,-0.325617422043843,0.337511297631077,"cssS","Two-component system_","ko02020_",0,0,0,0,1
"142","K03390",5.55111512312578e-17,-0.252871045516797,0.45958532932442,"hdrC","Methane metabolism_Metabolic pathways_Microbial metabolism in diverse environments_Carbon metabolism_","ko00680_ko01100_ko01120_ko01200_",0,0,1,0,0
"143","K04784",5.55111512312578e-17,-0.307258593343486,0.48242623730261,"irp2, HMWP2","Biosynthesis of siderophore group nonribosomal peptides_","ko01053_",0,0,0,0,1
"144","K11924",5.55111512312578e-17,-0.375110261898773,0.439240977748035,"mntR","_","_",0,0,0,0,1
"145","K14087",5.55111512312578e-17,-0.170634261428832,0.462190242937533,"echB","_","_",0,0,0,0,1
"146","K00001",0,0,0,"E1.1.1.1, adh","Glycolysis / Gluconeogenesis_Fatty acid degradation_Tyrosine metabolism_Chloroalkane and chloroalkene degradation_Naphthalene degradation_Retinol metabolism_Metabolism of xenobiotics by cytochrome P450_Drug metabolism - cytochrome P450_Metabolic pathways_Biosynthesis of secondary metabolites_Microbial metabolism in diverse environments_Biosynthesis of antibiotics_Degradation of aromatic compounds_","ko00010_ko00071_ko00350_ko00625_ko00626_ko00830_ko00980_ko00982_ko01100_ko01110_ko01120_ko01130_ko01220_",0,0,1,0,0
"147","K00002",0,0,0,"AKR1A1, adh","Glycolysis / Gluconeogenesis_Pentose and glucuronate interconversions_Glycerolipid metabolism_Caprolactam degradation_Metabolic pathways_Biosynthesis of secondary metabolites_Microbial metabolism in diverse environments_Biosynthesis of antibiotics_Degradation of aromatic compounds_","ko00010_ko00040_ko00561_ko00930_ko01100_ko01110_ko01120_ko01130_ko01220_",0,0,1,0,0
"148","K00003",0,0,0,"E1.1.1.3","Glycine, serine and threonine metabolism_Cysteine and methionine metabolism_Lysine biosynthesis_Metabolic pathways_Biosynthesis of secondary metabolites_Microbial metabolism in diverse environments_Biosynthesis of antibiotics_Biosynthesis of amino acids_","ko00260_ko00270_ko00300_ko01100_ko01110_ko01120_ko01130_ko01230_",0,0,0,0,1
"149","K00004",0,0,0,"BDH, butB","Butanoate metabolism_","ko00650_",0,1,0,0,0
"150","K00005",0,0,0,"gldA","Glycerolipid metabolism_Propanoate metabolism_Metabolic pathways_","ko00561_ko00640_ko01100_",1,0,1,0,0
"151","K00008",0,0,0,"SORD, gutB","Pentose and glucuronate interconversions_Fructose and mannose metabolism_Metabolic pathways_","ko00040_ko00051_ko01100_",0,0,0,0,1
"152","K00009",0,0,0,"mtlD","Fructose and mannose metabolism_","ko00051_",0,0,0,0,1
"153","K00010",0,0,0,"iolG","Streptomycin biosynthesis_Inositol phosphate metabolism_Metabolic pathways_Microbial metabolism in diverse environments_Biosynthesis of antibiotics_","ko00521_ko00562_ko01100_ko01120_ko01130_",0,0,0,0,1
"154","K00011",0,0,0,"AKR1B","Pentose and glucuronate interconversions_Fructose and mannose metabolism_Galactose metabolism_Glycerolipid metabolism_Folate biosynthesis_Metabolic pathways_","ko00040_ko00051_ko00052_ko00561_ko00790_ko01100_",0,0,0,0,1
"155","K00012",0,0,0,"UGDH, ugd","Pentose and glucuronate interconversions_Ascorbate and aldarate metabolism_Amino sugar and nucleotide sugar metabolism_Metabolic pathways_","ko00040_ko00053_ko00520_ko01100_",0,0,0,0,1
"156","K00013",0,0,0,"hisD","Histidine metabolism_Metabolic pathways_Biosynthesis of secondary metabolites_Biosynthesis of amino acids_","ko00340_ko01100_ko01110_ko01230_",0,0,0,0,1
"157","K00014",0,0,0,"aroE","Phenylalanine, tyrosine and tryptophan biosynthesis_Metabolic pathways_Biosynthesis of secondary metabolites_Biosynthesis of antibiotics_Biosynthesis of amino acids_","ko00400_ko01100_ko01110_ko01130_ko01230_",0,0,0,0,1
"158","K00015",0,0,0,"gyaR, GOR1","Glyoxylate and dicarboxylate metabolism_Metabolic pathways_Biosynthesis of secondary metabolites_Microbial metabolism in diverse environments_","ko00630_ko01100_ko01110_ko01120_",0,0,0,0,1
"159","K00016",0,0,0,"LDH, ldh","Glycolysis / Gluconeogenesis_Cysteine and methionine metabolism_Pyruvate metabolism_Propanoate metabolism_Metabolic pathways_Biosynthesis of secondary metabolites_Microbial metabolism in diverse environments_Biosynthesis of antibiotics_Glucagon signaling pathway_","ko00010_ko00270_ko00620_ko00640_ko01100_ko01110_ko01120_ko01130_ko04922_",1,0,1,0,0
"160","K00018",0,0,0,"hprA","Glycine, serine and threonine metabolism_Glyoxylate and dicarboxylate metabolism_Methane metabolism_Metabolic pathways_Biosynthesis of secondary metabolites_Microbial metabolism in diverse environments_Biosynthesis of antibiotics_Carbon metabolism_","ko00260_ko00630_ko00680_ko01100_ko01110_ko01120_ko01130_ko01200_",0,0,1,0,0
"161","K00019",0,0,0,"E1.1.1.30, bdh","Synthesis and degradation of ketone bodies_Butanoate metabolism_Metabolic pathways_","ko00072_ko00650_ko01100_",0,1,0,0,0
"162","K00020",0,0,0,"mmsB, HIBADH","Valine, leucine and isoleucine degradation_Metabolic pathways_","ko00280_ko01100_",0,0,0,1,0
"163","K00023",0,0,0,"phbB","Glyoxylate and dicarboxylate metabolism_Butanoate metabolism_Microbial metabolism in diverse environments_Carbon metabolism_","ko00630_ko00650_ko01120_ko01200_",0,1,0,0,0
"164","K00024",0,0,0,"mdh","Citrate cycle (TCA cycle)_Cysteine and methionine metabolism_Pyruvate metabolism_Glyoxylate and dicarboxylate metabolism_Methane metabolism_Carbon fixation in photosynthetic organisms_Carbon fixation pathways in prokaryotes_Metabolic pathways_Biosynthesis of secondary metabolites_Microbial metabolism in diverse environments_Biosynthesis of antibiotics_Carbon metabolism_","ko00020_ko00270_ko00620_ko00630_ko00680_ko00710_ko00720_ko01100_ko01110_ko01120_ko01130_ko01200_",0,0,1,0,0
"165","K00025",0,-1.11022302462516e-16,1.11022302462516e-16,"MDH1","Citrate cycle (TCA cycle)_Cysteine and methionine metabolism_Pyruvate metabolism_Glyoxylate and dicarboxylate metabolism_Carbon fixation in photosynthetic organisms_Metabolic pathways_Biosynthesis of secondary metabolites_Microbial metabolism in diverse environments_Biosynthesis of antibiotics_Carbon metabolism_Proximal tubule bicarbonate reclamation_","ko00020_ko00270_ko00620_ko00630_ko00710_ko01100_ko01110_ko01120_ko01130_ko01200_ko04964_",0,0,1,0,0
"166","K00027",0,0,0,"ME2, sfcA, maeA","Pyruvate metabolism_Carbon metabolism_Two-component system_","ko00620_ko01200_ko02020_",0,0,1,0,0
"167","K00028",0,0,0,"E1.1.1.39","Pyruvate metabolism_Carbon fixation in photosynthetic organisms_Metabolic pathways_Microbial metabolism in diverse environments_Carbon metabolism_","ko00620_ko00710_ko01100_ko01120_ko01200_",0,0,1,0,0
"168","K00029",0,0,0,"E1.1.1.40, maeB","Pyruvate metabolism_Carbon fixation in photosynthetic organisms_Metabolic pathways_Microbial metabolism in diverse environments_Carbon metabolism_","ko00620_ko00710_ko01100_ko01120_ko01200_",0,0,1,0,0
"169","K00030",0,0,0,"IDH3","Citrate cycle (TCA cycle)_Metabolic pathways_Biosynthesis of secondary metabolites_Microbial metabolism in diverse environments_Biosynthesis of antibiotics_Carbon metabolism_2-Oxocarboxylic acid metabolism_Biosynthesis of amino acids_","ko00020_ko01100_ko01110_ko01120_ko01130_ko01200_ko01210_ko01230_",0,0,0,0,1
"170","K00031",0,0,0,"IDH1, IDH2, icd","Citrate cycle (TCA cycle)_Glutathione metabolism_Carbon fixation pathways in prokaryotes_Metabolic pathways_Biosynthesis of secondary metabolites_Microbial metabolism in diverse environments_Biosynthesis of antibiotics_Carbon metabolism_2-Oxocarboxylic acid metabolism_Biosynthesis of amino acids_Peroxisome_","ko00020_ko00480_ko00720_ko01100_ko01110_ko01120_ko01130_ko01200_ko01210_ko01230_ko04146_",0,0,1,0,0
"171","K00033",0,0,0,"PGD, gnd, gntZ","Pentose phosphate pathway_Glutathione metabolism_Metabolic pathways_Biosynthesis of secondary metabolites_Microbial metabolism in diverse environments_Biosynthesis of antibiotics_Carbon metabolism_","ko00030_ko00480_ko01100_ko01110_ko01120_ko01130_ko01200_",0,0,0,0,1
"172","K00034",0,0,0,"gdh","Pentose phosphate pathway_Microbial metabolism in diverse environments_Carbon metabolism_","ko00030_ko01120_ko01200_",0,0,0,0,1
"173","K00035",0,0,0,"gal","Galactose metabolism_Metabolic pathways_","ko00052_ko01100_",0,0,0,0,1
"174","K00036",0,0,0,"G6PD, zwf","Pentose phosphate pathway_Glutathione metabolism_Metabolic pathways_Biosynthesis of secondary metabolites_Microbial metabolism in diverse environments_Biosynthesis of antibiotics_Carbon metabolism_Central carbon metabolism in cancer_","ko00030_ko00480_ko01100_ko01110_ko01120_ko01130_ko01200_ko05230_",0,0,0,0,1
"175","K00037",0,0,0,"AKR1C4","Primary bile acid biosynthesis_Steroid hormone biosynthesis_Metabolic pathways_","ko00120_ko00140_ko01100_",0,0,0,0,1
"176","K00038",0,0,0,"E1.1.1.53","Steroid hormone biosynthesis_Metabolic pathways_","ko00140_ko01100_",0,0,0,0,1
"177","K00039",0,0,0,"rbtD","Pentose and glucuronate interconversions_Metabolic pathways_","ko00040_ko01100_",0,0,0,0,1
"178","K00040",0,0,0,"uxuB","Pentose and glucuronate interconversions_Metabolic pathways_","ko00040_ko01100_",0,0,0,0,1
"179","K00041",0,0,0,"uxaB","Pentose and glucuronate interconversions_Metabolic pathways_","ko00040_ko01100_",0,0,0,0,1
"180","K00042",0,0,0,"garR, glxR","Glyoxylate and dicarboxylate metabolism_Metabolic pathways_","ko00630_ko01100_",0,0,0,0,1
"181","K00044",0,0,0,"HSD17B1","Steroid hormone biosynthesis_Metabolic pathways_Ovarian steroidogenesis_","ko00140_ko01100_ko04913_",0,0,0,0,1
"182","K00045",0,0,0,"E1.1.1.67, mtlK","Fructose and mannose metabolism_","ko00051_",0,0,0,0,1
"183","K00046",0,0,0,"idnO","_","_",0,0,0,0,1
"184","K00048",0,-0.0833375595559322,0,"fucO","Glyoxylate and dicarboxylate metabolism_Propanoate metabolism_Microbial metabolism in diverse environments_","ko00630_ko00640_ko01120_",1,0,1,0,0
"185","K00050",0,0,0,"ttuD","Glycine, serine and threonine metabolism_Glyoxylate and dicarboxylate metabolism_Metabolic pathways_Biosynthesis of secondary metabolites_","ko00260_ko00630_ko01100_ko01110_",0,0,0,0,1
"186","K00052",0,0,0,"leuB, IMDH","Valine, leucine and isoleucine biosynthesis_C5-Branched dibasic acid metabolism_Metabolic pathways_Biosynthesis of secondary metabolites_2-Oxocarboxylic acid metabolism_Biosynthesis of amino acids_","ko00290_ko00660_ko01100_ko01110_ko01210_ko01230_",0,0,1,0,0
"187","K00053",0,0,0,"ilvC","Valine, leucine and isoleucine biosynthesis_Pantothenate and CoA biosynthesis_Metabolic pathways_Biosynthesis of secondary metabolites_Biosynthesis of antibiotics_2-Oxocarboxylic acid metabolism_Biosynthesis of amino acids_","ko00290_ko00770_ko01100_ko01110_ko01130_ko01210_ko01230_",0,0,0,0,1
"188","K00054",0,0,0,"mvaA","Terpenoid backbone biosynthesis_Biosynthesis of secondary metabolites_Biosynthesis of antibiotics_","ko00900_ko01110_ko01130_",0,0,0,0,1
"189","K00055",0,0,0,"E1.1.1.90","Tyrosine metabolism_Phenylalanine metabolism_Xylene degradation_Toluene degradation_Metabolic pathways_Microbial metabolism in diverse environments_Degradation of aromatic compounds_","ko00350_ko00360_ko00622_ko00623_ko01100_ko01120_ko01220_",0,0,0,0,1
"190","K00057",0,0,0,"gpsA","Glycerophospholipid metabolism_Biosynthesis of secondary metabolites_","ko00564_ko01110_",0,0,0,0,1
"191","K00058",0,0,0,"serA, PHGDH","Glycine, serine and threonine metabolism_Methane metabolism_Metabolic pathways_Microbial metabolism in diverse environments_Biosynthesis of antibiotics_Carbon metabolism_Biosynthesis of amino acids_","ko00260_ko00680_ko01100_ko01120_ko01130_ko01200_ko01230_",0,0,1,0,0
"192","K00059",0,0,0,"fabG","Fatty acid biosynthesis_Prodigiosin biosynthesis_Biotin metabolism_Biosynthesis of unsaturated fatty acids_Metabolic pathways_Biosynthesis of antibiotics_Fatty acid metabolism_","ko00061_ko00333_ko00780_ko01040_ko01100_ko01130_ko01212_",0,0,0,0,1
"193","K00060",0,0,0,"tdh","Glycine, serine and threonine metabolism_","ko00260_",0,0,0,0,1
"194","K00064",0,0,0,"E1.1.1.122","Fructose and mannose metabolism_Ascorbate and aldarate metabolism_Metabolic pathways_Biosynthesis of secondary metabolites_Microbial metabolism in diverse environments_","ko00051_ko00053_ko01100_ko01110_ko01120_",0,0,0,0,1
"195","K00065",0,0,0,"kduD","Pentose and glucuronate interconversions_","ko00040_",0,0,0,0,1
"196","K00066",0,0,0,"algD","Fructose and mannose metabolism_Amino sugar and nucleotide sugar metabolism_Two-component system_","ko00051_ko00520_ko02020_",0,0,0,0,1
"197","K00067",0,0,0,"rfbD, rmlD","Streptomycin biosynthesis_Polyketide sugar unit biosynthesis_Biosynthesis of antibiotics_","ko00521_ko00523_ko01130_",0,0,0,0,1
"198","K00068",0,-1.11022302462516e-16,0.211713625598685,"srlD","Fructose and mannose metabolism_","ko00051_",0,0,0,0,1
"199","K00073",0,0,0,"allD","Purine metabolism_Microbial metabolism in diverse environments_","ko00230_ko01120_",0,0,0,0,1
"200","K00074",0,0,0,"paaH, hbd, fadB, mmgB","Phenylalanine metabolism_Benzoate degradation_Butanoate metabolism_Metabolic pathways_Microbial metabolism in diverse environments_","ko00360_ko00362_ko00650_ko01100_ko01120_",0,1,0,0,0
"201","K00075",0,0,0,"murB","Amino sugar and nucleotide sugar metabolism_Peptidoglycan biosynthesis_Metabolic pathways_","ko00520_ko00550_ko01100_",0,0,0,0,1
"202","K00076",0,0,1.11022302462516e-16,"hdhA","Secondary bile acid biosynthesis_","ko00121_",0,0,0,0,1
"203","K00077",0,0,0,"panE, apbA","Pantothenate and CoA biosynthesis_Metabolic pathways_Biosynthesis of secondary metabolites_","ko00770_ko01100_ko01110_",0,0,0,0,1
"204","K00079",0,0,0,"CBR1","Arachidonic acid metabolism_Folate biosynthesis_Metabolism of xenobiotics by cytochrome P450_Metabolic pathways_Chemical carcinogenesis_","ko00590_ko00790_ko00980_ko01100_ko05204_",0,0,0,0,1
"205","K00082",0,0,0.347966064114621,"ribD2","Riboflavin metabolism_Metabolic pathways_Biosynthesis of secondary metabolites_","ko00740_ko01100_ko01110_",0,0,0,0,1
"206","K00086",0,0,0,"dhaT","Glycerolipid metabolism_Propanoate metabolism_","ko00561_ko00640_",1,0,1,0,0
"207","K00088",0,0,0,"IMPDH, guaB","Purine metabolism_Drug metabolism - other enzymes_Metabolic pathways_Biosynthesis of secondary metabolites_","ko00230_ko00983_ko01100_ko01110_",0,0,0,0,1
"208","K00090",0,0,0,"ghrB","Pentose phosphate pathway_Glycine, serine and threonine metabolism_Pyruvate metabolism_Glyoxylate and dicarboxylate metabolism_Metabolic pathways_Biosynthesis of secondary metabolites_Microbial metabolism in diverse environments_","ko00030_ko00260_ko00620_ko00630_ko01100_ko01110_ko01120_",0,0,1,0,0
"209","K00091",0,0,0,"E1.1.1.219","_","_",0,0,0,0,1
"210","K00097",0,0,0,"pdxA","Vitamin B6 metabolism_Metabolic pathways_","ko00750_ko01100_",0,0,0,0,1
"211","K00098",0,0,0,"idnD","_","_",0,0,0,0,1
"212","K00099",0,0,0,"dxr","Terpenoid backbone biosynthesis_Metabolic pathways_Biosynthesis of secondary metabolites_Biosynthesis of antibiotics_","ko00900_ko01100_ko01110_ko01130_",0,0,0,0,1
"213","K00100",0,0,0,"bdhAB","Butanoate metabolism_Microbial metabolism in diverse environments_","ko00650_ko01120_",0,1,0,0,0
"214","K00101",0,0,0,"lldD","Pyruvate metabolism_Metabolic pathways_","ko00620_ko01100_",0,0,1,0,0
"215","K00102",0,0,0,"LDHD, dld","Pyruvate metabolism_","ko00620_",0,0,1,0,0
"216","K00103",0,0,0,"GULO","Ascorbate and aldarate metabolism_Metabolic pathways_","ko00053_ko01100_",0,0,0,0,1
"217","K00104",0,0,0,"glcD","Glyoxylate and dicarboxylate metabolism_Metabolic pathways_Biosynthesis of secondary metabolites_Microbial metabolism in diverse environments_Biosynthesis of antibiotics_","ko00630_ko01100_ko01110_ko01120_ko01130_",0,0,0,0,1
"218","K00105",0,0,0,"E1.1.3.21","Glycerophospholipid metabolism_Biosynthesis of secondary metabolites_","ko00564_ko01110_",0,0,0,0,1
"219","K00106",0,0,0,"XDH","Purine metabolism_Caffeine metabolism_Drug metabolism - other enzymes_Metabolic pathways_Biosynthesis of secondary metabolites_Microbial metabolism in diverse environments_Peroxisome_","ko00230_ko00232_ko00983_ko01100_ko01110_ko01120_ko04146_",0,0,0,0,1
"220","K00108",0,0,0,"betA, CHDH","Glycine, serine and threonine metabolism_Metabolic pathways_","ko00260_ko01100_",0,0,0,0,1
"221","K00111",0,0,0,"glpA, glpD","Glycerophospholipid metabolism_Biosynthesis of secondary metabolites_","ko00564_ko01110_",0,0,0,0,1
"222","K00112",0,0,0,"glpB","Glycerophospholipid metabolism_Biosynthesis of secondary metabolites_","ko00564_ko01110_",0,0,0,0,1
"223","K00113",0,0,0,"glpC","Glycerophospholipid metabolism_Biosynthesis of secondary metabolites_","ko00564_ko01110_",0,0,0,0,1
"224","K00114",0,0,0,"exaA","Glycolysis / Gluconeogenesis_Chloroalkane and chloroalkene degradation_Metabolic pathways_Biosynthesis of secondary metabolites_Microbial metabolism in diverse environments_Biosynthesis of antibiotics_","ko00010_ko00625_ko01100_ko01110_ko01120_ko01130_",0,0,1,0,0
"225","K00115",0,0,0,"GLD","Pentose phosphate pathway_Metabolic pathways_Biosynthesis of secondary metabolites_Biosynthesis of antibiotics_","ko00030_ko01100_ko01110_ko01130_",0,0,0,0,1
"226","K00116",0,0,0,"mqo","Citrate cycle (TCA cycle)_Pyruvate metabolism_Metabolic pathways_Biosynthesis of secondary metabolites_Microbial metabolism in diverse environments_Biosynthesis of antibiotics_Carbon metabolism_","ko00020_ko00620_ko01100_ko01110_ko01120_ko01130_ko01200_",0,0,1,0,0
"227","K00117",0,0,0,"gcd","Pentose phosphate pathway_Metabolic pathways_Biosynthesis of secondary metabolites_Biosynthesis of antibiotics_","ko00030_ko01100_ko01110_ko01130_",0,0,0,0,1
"228","K00118",0,0,0,"gfo","_","_",0,0,0,0,1
"229","K00119",0,0,0,NA,NA,NA,0,0,0,0,1
"230","K00121",0,0,0,"frmA, ADH5, adhC","Glycolysis / Gluconeogenesis_Fatty acid degradation_Tyrosine metabolism_Chloroalkane and chloroalkene degradation_Naphthalene degradation_Methane metabolism_Retinol metabolism_Metabolism of xenobiotics by cytochrome P450_Drug metabolism - cytochrome P450_Metabolic pathways_Biosynthesis of secondary metabolites_Microbial metabolism in diverse environments_Biosynthesis of antibiotics_Carbon metabolism_Degradation of aromatic compounds_Chemical carcinogenesis_","ko00010_ko00071_ko00350_ko00625_ko00626_ko00680_ko00830_ko00980_ko00982_ko01100_ko01110_ko01120_ko01130_ko01200_ko01220_ko05204_",0,0,1,0,0
"231","K00122",0,0,0,"FDH","Glyoxylate and dicarboxylate metabolism_Methane metabolism_Metabolic pathways_Microbial metabolism in diverse environments_Carbon metabolism_","ko00630_ko00680_ko01100_ko01120_ko01200_",0,0,1,0,0
"232","K00123",0,0,0,"fdoG, fdhF","Glyoxylate and dicarboxylate metabolism_Methane metabolism_Metabolic pathways_Microbial metabolism in diverse environments_Carbon metabolism_","ko00630_ko00680_ko01100_ko01120_ko01200_",0,0,1,0,0
"233","K00124",0,0,0,"fdoH","Glyoxylate and dicarboxylate metabolism_Methane metabolism_Metabolic pathways_Microbial metabolism in diverse environments_Carbon metabolism_","ko00630_ko00680_ko01100_ko01120_ko01200_",0,0,1,0,0
"234","K00126",0,0,0,"fdsD","Glyoxylate and dicarboxylate metabolism_Methane metabolism_Metabolic pathways_Microbial metabolism in diverse environments_Carbon metabolism_","ko00630_ko00680_ko01100_ko01120_ko01200_",0,0,1,0,0
"235","K00127",0,0,0,"fdoI","Glyoxylate and dicarboxylate metabolism_Methane metabolism_Metabolic pathways_Microbial metabolism in diverse environments_Carbon metabolism_","ko00630_ko00680_ko01100_ko01120_ko01200_",0,0,1,0,0
"236","K00128",0,0,0,"ALDH","Glycolysis / Gluconeogenesis_Ascorbate and aldarate metabolism_Fatty acid degradation_Valine, leucine and isoleucine degradation_Lysine degradation_Arginine and proline metabolism_Histidine metabolism_Tryptophan metabolism_beta-Alanine metabolism_Glycerolipid metabolism_Pyruvate metabolism_Chloroalkane and chloroalkene degradation_Limonene and pinene degradation_Insect hormone biosynthesis_Metabolic pathways_Biosynthesis of secondary metabolites_Microbial metabolism in diverse environments_Biosynthesis of antibiotics_","ko00010_ko00053_ko00071_ko00280_ko00310_ko00330_ko00340_ko00380_ko00410_ko00561_ko00620_ko00625_ko00903_ko00981_ko01100_ko01110_ko01120_ko01130_",0,0,1,1,0
"237","K00130",0,0,0,"betB, gbsA","Glycine, serine and threonine metabolism_Metabolic pathways_","ko00260_ko01100_",0,0,0,0,1
"238","K00131",0,0,0,"gapN","Glycolysis / Gluconeogenesis_Pentose phosphate pathway_Metabolic pathways_Microbial metabolism in diverse environments_Carbon metabolism_","ko00010_ko00030_ko01100_ko01120_ko01200_",0,0,1,0,0
"239","K00133",0,0,0,"asd","Glycine, serine and threonine metabolism_Monobactam biosynthesis_Cysteine and methionine metabolism_Lysine biosynthesis_Metabolic pathways_Biosynthesis of secondary metabolites_Microbial metabolism in diverse environments_Biosynthesis of antibiotics_2-Oxocarboxylic acid metabolism_Biosynthesis of amino acids_","ko00260_ko00261_ko00270_ko00300_ko01100_ko01110_ko01120_ko01130_ko01210_ko01230_",0,0,0,0,1
"240","K00134",0,0,0,"GAPDH, gapA","Glycolysis / Gluconeogenesis_Carbon fixation in photosynthetic organisms_Metabolic pathways_Biosynthesis of secondary metabolites_Microbial metabolism in diverse environments_Biosynthesis of antibiotics_Carbon metabolism_Biosynthesis of amino acids_HIF-1 signaling pathway_Alzheimer's disease_","ko00010_ko00710_ko01100_ko01110_ko01120_ko01130_ko01200_ko01230_ko04066_ko05010_",0,0,1,0,0
"241","K00135",0,0,0,"gabD","Alanine, aspartate and glutamate metabolism_Lysine degradation_Tyrosine metabolism_Butanoate metabolism_Nicotinate and nicotinamide metabolism_Metabolic pathways_Microbial metabolism in diverse environments_","ko00250_ko00310_ko00350_ko00650_ko00760_ko01100_ko01120_",0,1,0,0,0
"242","K00137",0,0,0,"prr","Arginine and proline metabolism_beta-Alanine metabolism_Metabolic pathways_","ko00330_ko00410_ko01100_",0,0,0,0,1
"243","K00140",0,0,0,"mmsA, iolA, ALDH6A1","Valine, leucine and isoleucine degradation_beta-Alanine metabolism_Inositol phosphate metabolism_Propanoate metabolism_Metabolic pathways_Carbon metabolism_","ko00280_ko00410_ko00562_ko00640_ko01100_ko01200_",1,0,1,1,0
"244","K00141",0,0,0,"xylC","Xylene degradation_Toluene degradation_Aminobenzoate degradation_Metabolic pathways_Microbial metabolism in diverse environments_Degradation of aromatic compounds_","ko00622_ko00623_ko00627_ko01100_ko01120_ko01220_",0,0,0,0,1
"245","K00145",0,0,0,"argC","Arginine biosynthesis_Metabolic pathways_Biosynthesis of secondary metabolites_Biosynthesis of antibiotics_2-Oxocarboxylic acid metabolism_Biosynthesis of amino acids_","ko00220_ko01100_ko01110_ko01130_ko01210_ko01230_",0,0,0,0,1
"246","K00146",0,0,0,"feaB","Phenylalanine metabolism_Styrene degradation_Metabolic pathways_Microbial metabolism in diverse environments_","ko00360_ko00643_ko01100_ko01120_",0,0,0,0,1
"247","K00147",0,0,0,"proA","Arginine and proline metabolism_Carbapenem biosynthesis_Metabolic pathways_Biosynthesis of secondary metabolites_Biosynthesis of antibiotics_Biosynthesis of amino acids_","ko00330_ko00332_ko01100_ko01110_ko01130_ko01230_",0,0,0,0,1
"248","K00148",0,0,0,"fdhA","Chloroalkane and chloroalkene degradation_Methane metabolism_Metabolic pathways_Microbial metabolism in diverse environments_Carbon metabolism_","ko00625_ko00680_ko01100_ko01120_ko01200_",0,0,1,0,0
"249","K00150",0,0,0,"gap2","Glycolysis / Gluconeogenesis_Carbon fixation in photosynthetic organisms_Metabolic pathways_Biosynthesis of secondary metabolites_Microbial metabolism in diverse environments_Biosynthesis of antibiotics_Carbon metabolism_Biosynthesis of amino acids_","ko00010_ko00710_ko01100_ko01110_ko01120_ko01130_ko01200_ko01230_",0,0,1,0,0
"250","K00151",0,0,0,"hpaE, hpcC","Tyrosine metabolism_Microbial metabolism in diverse environments_Degradation of aromatic compounds_","ko00350_ko01120_ko01220_",0,0,0,0,1
"251","K00152",0,0,0,"nahF","Naphthalene degradation_Metabolic pathways_Microbial metabolism in diverse environments_Degradation of aromatic compounds_","ko00626_ko01100_ko01120_ko01220_",0,0,0,0,1
"252","K00153",0,0,0,"E1.1.1.306","_","_",0,0,0,0,1
"253","K00154",0,0,0,"E1.2.1.68","_","_",0,0,0,0,1
"254","K00155",0,0,0,NA,NA,NA,0,0,0,0,1
"255","K00156",0,0,0,"poxB","Pyruvate metabolism_","ko00620_",0,0,1,0,0
"256","K00158",0,0,0,"E1.2.3.3, poxL","Pyruvate metabolism_Metabolic pathways_","ko00620_ko01100_",0,0,1,0,0
"257","K00161",0,0,0,"PDHA, pdhA","Glycolysis / Gluconeogenesis_Citrate cycle (TCA cycle)_Pyruvate metabolism_Metabolic pathways_Biosynthesis of secondary metabolites_Microbial metabolism in diverse environments_Biosynthesis of antibiotics_Carbon metabolism_HIF-1 signaling pathway_Glucagon signaling pathway_Central carbon metabolism in cancer_","ko00010_ko00020_ko00620_ko01100_ko01110_ko01120_ko01130_ko01200_ko04066_ko04922_ko05230_",0,0,1,0,0
"258","K00162",0,0,0,"PDHB, pdhB","Glycolysis / Gluconeogenesis_Citrate cycle (TCA cycle)_Pyruvate metabolism_Metabolic pathways_Biosynthesis of secondary metabolites_Microbial metabolism in diverse environments_Biosynthesis of antibiotics_Carbon metabolism_HIF-1 signaling pathway_Glucagon signaling pathway_Central carbon metabolism in cancer_","ko00010_ko00020_ko00620_ko01100_ko01110_ko01120_ko01130_ko01200_ko04066_ko04922_ko05230_",0,0,1,0,0
"259","K00163",0,0,0,"aceE","Glycolysis / Gluconeogenesis_Citrate cycle (TCA cycle)_Pyruvate metabolism_Metabolic pathways_Biosynthesis of secondary metabolites_Microbial metabolism in diverse environments_Biosynthesis of antibiotics_Carbon metabolism_","ko00010_ko00020_ko00620_ko01100_ko01110_ko01120_ko01130_ko01200_",0,0,1,0,0
"260","K00164",0,0,0,"OGDH, sucA","Citrate cycle (TCA cycle)_Lysine degradation_Tryptophan metabolism_Metabolic pathways_Biosynthesis of secondary metabolites_Microbial metabolism in diverse environments_Biosynthesis of antibiotics_Carbon metabolism_","ko00020_ko00310_ko00380_ko01100_ko01110_ko01120_ko01130_ko01200_",0,0,0,0,1
"261","K00166",0,0,0,"BCKDHA, bkdA1","Valine, leucine and isoleucine degradation_Propanoate metabolism_Metabolic pathways_Biosynthesis of secondary metabolites_Biosynthesis of antibiotics_","ko00280_ko00640_ko01100_ko01110_ko01130_",1,0,1,1,0
"262","K00167",0,0,0,"BCKDHB, bkdA2","Valine, leucine and isoleucine degradation_Propanoate metabolism_Metabolic pathways_Biosynthesis of secondary metabolites_Biosynthesis of antibiotics_","ko00280_ko00640_ko01100_ko01110_ko01130_",1,0,1,1,0
"263","K00169",0,0,0,"porA","Glycolysis / Gluconeogenesis_Citrate cycle (TCA cycle)_Pyruvate metabolism_Nitrotoluene degradation_Propanoate metabolism_Butanoate metabolism_Methane metabolism_Carbon fixation pathways in prokaryotes_Metabolic pathways_Microbial metabolism in diverse environments_Biosynthesis of antibiotics_Carbon metabolism_","ko00010_ko00020_ko00620_ko00633_ko00640_ko00650_ko00680_ko00720_ko01100_ko01120_ko01130_ko01200_",1,1,1,0,0
"264","K00170",0,0,0,"porB","Glycolysis / Gluconeogenesis_Citrate cycle (TCA cycle)_Pyruvate metabolism_Nitrotoluene degradation_Propanoate metabolism_Butanoate metabolism_Methane metabolism_Carbon fixation pathways in prokaryotes_Metabolic pathways_Microbial metabolism in diverse environments_Biosynthesis of antibiotics_Carbon metabolism_","ko00010_ko00020_ko00620_ko00633_ko00640_ko00650_ko00680_ko00720_ko01100_ko01120_ko01130_ko01200_",1,1,1,0,0
"265","K00171",0,0,0,"porD","Glycolysis / Gluconeogenesis_Citrate cycle (TCA cycle)_Pyruvate metabolism_Nitrotoluene degradation_Propanoate metabolism_Butanoate metabolism_Methane metabolism_Carbon fixation pathways in prokaryotes_Metabolic pathways_Microbial metabolism in diverse environments_Biosynthesis of antibiotics_Carbon metabolism_","ko00010_ko00020_ko00620_ko00633_ko00640_ko00650_ko00680_ko00720_ko01100_ko01120_ko01130_ko01200_",1,1,1,0,0
"266","K00172",0,0,0,"porG","Glycolysis / Gluconeogenesis_Citrate cycle (TCA cycle)_Pyruvate metabolism_Nitrotoluene degradation_Propanoate metabolism_Butanoate metabolism_Methane metabolism_Carbon fixation pathways in prokaryotes_Metabolic pathways_Microbial metabolism in diverse environments_Biosynthesis of antibiotics_Carbon metabolism_","ko00010_ko00020_ko00620_ko00633_ko00640_ko00650_ko00680_ko00720_ko01100_ko01120_ko01130_ko01200_",1,1,1,0,0
"267","K00174",0,0,0,"korA, oorA, oforA","Glycolysis / Gluconeogenesis_Citrate cycle (TCA cycle)_Pyruvate metabolism_Butanoate metabolism_Carbon fixation pathways in prokaryotes_Metabolic pathways_Microbial metabolism in diverse environments_Biosynthesis of antibiotics_Carbon metabolism_","ko00010_ko00020_ko00620_ko00650_ko00720_ko01100_ko01120_ko01130_ko01200_",0,1,1,0,0
"268","K00175",0,0,0,"korB, oorB, oforB","Glycolysis / Gluconeogenesis_Citrate cycle (TCA cycle)_Pyruvate metabolism_Butanoate metabolism_Carbon fixation pathways in prokaryotes_Metabolic pathways_Microbial metabolism in diverse environments_Biosynthesis of antibiotics_Carbon metabolism_","ko00010_ko00020_ko00620_ko00650_ko00720_ko01100_ko01120_ko01130_ko01200_",0,1,1,0,0
"269","K00176",0,0,0,"korD, oorD","Citrate cycle (TCA cycle)_Carbon fixation pathways in prokaryotes_Metabolic pathways_Microbial metabolism in diverse environments_Carbon metabolism_","ko00020_ko00720_ko01100_ko01120_ko01200_",0,0,1,0,0
"270","K00177",0,0,0,"korC, oorC","Citrate cycle (TCA cycle)_Carbon fixation pathways in prokaryotes_Metabolic pathways_Microbial metabolism in diverse environments_Carbon metabolism_","ko00020_ko00720_ko01100_ko01120_ko01200_",0,0,1,0,0
"271","K00179",0,0,0,"iorA","_","_",0,0,0,0,1
"272","K00180",0,0,0,"iorB","_","_",0,0,0,0,1
"273","K00183",0,0,0,"K00183","_","_",0,0,0,0,1
"274","K00184",0,0,0,"K00184","_","_",0,0,0,0,1
"275","K00185",0,0,0,"K00185","_","_",0,0,0,0,1
"276","K00194",0,-0.262407990847118,0.00743562059678599,"cdhD, acsD","Methane metabolism_Carbon fixation pathways in prokaryotes_Microbial metabolism in diverse environments_Carbon metabolism_","ko00680_ko00720_ko01120_ko01200_",0,0,1,0,0
"277","K00197",0,0,2.77555756156289e-17,"cdhE, acsC","Methane metabolism_Carbon fixation pathways in prokaryotes_Microbial metabolism in diverse environments_Carbon metabolism_","ko00680_ko00720_ko01120_ko01200_",0,0,1,0,0
"278","K00198",0,0,0,"cooS, acsA","Nitrotoluene degradation_Methane metabolism_Carbon fixation pathways in prokaryotes_Microbial metabolism in diverse environments_Carbon metabolism_","ko00633_ko00680_ko00720_ko01120_ko01200_",0,0,1,0,0
"279","K00200",0,0,0,"fwdA, fmdA","Methane metabolism_Metabolic pathways_Microbial metabolism in diverse environments_Biosynthesis of antibiotics_Carbon metabolism_","ko00680_ko01100_ko01120_ko01130_ko01200_",0,0,1,0,0
"280","K00201",0,0,0,"fwdB, fmdB","Methane metabolism_Metabolic pathways_Microbial metabolism in diverse environments_Carbon metabolism_","ko00680_ko01100_ko01120_ko01200_",0,0,1,0,0
"281","K00202",0,0,0,"fwdC, fmdC","Methane metabolism_Metabolic pathways_Microbial metabolism in diverse environments_Carbon metabolism_","ko00680_ko01100_ko01120_ko01200_",0,0,1,0,0
"282","K00207",0,0,0,"DPYD","Pyrimidine metabolism_beta-Alanine metabolism_Pantothenate and CoA biosynthesis_Drug metabolism - other enzymes_Metabolic pathways_","ko00240_ko00410_ko00770_ko00983_ko01100_",0,0,0,0,1
"283","K00208",0,0,0,"fabI","Fatty acid biosynthesis_Prodigiosin biosynthesis_Biotin metabolism_Metabolic pathways_Biosynthesis of antibiotics_Fatty acid metabolism_","ko00061_ko00333_ko00780_ko01100_ko01130_ko01212_",0,0,0,0,1
"284","K00210",0,0,0,"E1.3.1.12","Phenylalanine, tyrosine and tryptophan biosynthesis_Novobiocin biosynthesis_Metabolic pathways_Biosynthesis of secondary metabolites_Biosynthesis of antibiotics_Biosynthesis of amino acids_","ko00400_ko00401_ko01100_ko01110_ko01130_ko01230_",0,0,0,0,1
"285","K00214",0,0,0,"BLVRA, bvdR","Porphyrin and chlorophyll metabolism_Metabolic pathways_Biosynthesis of secondary metabolites_","ko00860_ko01100_ko01110_",0,0,0,0,1
"286","K00215",0,0,0,"dapB","Monobactam biosynthesis_Lysine biosynthesis_Metabolic pathways_Biosynthesis of secondary metabolites_Microbial metabolism in diverse environments_Biosynthesis of antibiotics_Biosynthesis of amino acids_","ko00261_ko00300_ko01100_ko01110_ko01120_ko01130_ko01230_",0,0,0,0,1
"287","K00216",0,0,0,"entA","Biosynthesis of siderophore group nonribosomal peptides_Biosynthesis of secondary metabolites_Biosynthesis of antibiotics_","ko01053_ko01110_ko01130_",0,0,0,0,1
"288","K00217",0,0,0,"E1.3.1.32","Chlorocyclohexane and chlorobenzene degradation_Benzoate degradation_Fluorobenzoate degradation_Toluene degradation_Metabolic pathways_Microbial metabolism in diverse environments_Degradation of aromatic compounds_","ko00361_ko00362_ko00364_ko00623_ko01100_ko01120_ko01220_",0,0,0,0,1
"289","K00218",0,0,0,"por","Porphyrin and chlorophyll metabolism_Metabolic pathways_Biosynthesis of secondary metabolites_","ko00860_ko01100_ko01110_",0,0,0,0,1
"290","K00219",0,0,0,"fadH","_","_",0,0,0,0,1
"291","K00220",0,0,0,"tyrC","Phenylalanine, tyrosine and tryptophan biosynthesis_Novobiocin biosynthesis_Metabolic pathways_Biosynthesis of secondary metabolites_Biosynthesis of amino acids_","ko00400_ko00401_ko01100_ko01110_ko01230_",0,0,0,0,1
"292","K00224",0,0,0,NA,NA,NA,0,0,0,0,1
"293","K00226",0,0,0,"pyrD","Pyrimidine metabolism_Metabolic pathways_","ko00240_ko01100_",0,0,0,0,1
"294","K00228",0,0,0,"CPOX, hemF","Porphyrin and chlorophyll metabolism_Metabolic pathways_Biosynthesis of secondary metabolites_","ko00860_ko01100_ko01110_",0,0,0,0,1
"295","K00230",0,0,0,"hemG","Porphyrin and chlorophyll metabolism_Metabolic pathways_Biosynthesis of secondary metabolites_","ko00860_ko01100_ko01110_",0,0,0,0,1
"296","K00231",0,0,0,"PPOX, hemY","Porphyrin and chlorophyll metabolism_Metabolic pathways_Biosynthesis of secondary metabolites_","ko00860_ko01100_ko01110_",0,0,0,0,1
"297","K00232",0,0,0,"E1.3.3.6, ACOX1, ACOX3","Fatty acid degradation_alpha-Linolenic acid metabolism_Biosynthesis of unsaturated fatty acids_Metabolic pathways_Biosynthesis of secondary metabolites_Fatty acid metabolism_PPAR signaling pathway_cAMP signaling pathway_Peroxisome_","ko00071_ko00592_ko01040_ko01100_ko01110_ko01212_ko03320_ko04024_ko04146_",0,0,0,0,1
"298","K00239",0,0,0,"sdhA, frdA","Citrate cycle (TCA cycle)_Oxidative phosphorylation_Butanoate metabolism_Carbon fixation pathways in prokaryotes_Metabolic pathways_Biosynthesis of secondary metabolites_Microbial metabolism in diverse environments_Biosynthesis of antibiotics_Carbon metabolism_Legionellosis_","ko00020_ko00190_ko00650_ko00720_ko01100_ko01110_ko01120_ko01130_ko01200_ko05134_",0,1,1,0,0
"299","K00240",0,0,0,"sdhB, frdB","Citrate cycle (TCA cycle)_Oxidative phosphorylation_Butanoate metabolism_Carbon fixation pathways in prokaryotes_Metabolic pathways_Biosynthesis of secondary metabolites_Microbial metabolism in diverse environments_Biosynthesis of antibiotics_Carbon metabolism_","ko00020_ko00190_ko00650_ko00720_ko01100_ko01110_ko01120_ko01130_ko01200_",0,1,1,0,0
"300","K00241",0,0,0,"sdhC, frdC","Citrate cycle (TCA cycle)_Oxidative phosphorylation_Butanoate metabolism_Carbon fixation pathways in prokaryotes_Metabolic pathways_Biosynthesis of secondary metabolites_Microbial metabolism in diverse environments_Biosynthesis of antibiotics_Carbon metabolism_","ko00020_ko00190_ko00650_ko00720_ko01100_ko01110_ko01120_ko01130_ko01200_",0,1,1,0,0
"301","K00242",0,0,0,"sdhD, frdD","Citrate cycle (TCA cycle)_Oxidative phosphorylation_Butanoate metabolism_Carbon fixation pathways in prokaryotes_Metabolic pathways_Biosynthesis of secondary metabolites_Microbial metabolism in diverse environments_Biosynthesis of antibiotics_Carbon metabolism_","ko00020_ko00190_ko00650_ko00720_ko01100_ko01110_ko01120_ko01130_ko01200_",0,1,1,0,0
"302","K00243",0,0,0,"K00243","_","_",0,0,0,0,1
"303","K00244",0,0,0,"frdA","Citrate cycle (TCA cycle)_Oxidative phosphorylation_Pyruvate metabolism_Butanoate metabolism_Carbon fixation pathways in prokaryotes_Metabolic pathways_Biosynthesis of secondary metabolites_Microbial metabolism in diverse environments_Biosynthesis of antibiotics_Carbon metabolism_Two-component system_","ko00020_ko00190_ko00620_ko00650_ko00720_ko01100_ko01110_ko01120_ko01130_ko01200_ko02020_",0,1,1,0,0
"304","K00245",0,0,0,"frdB","Citrate cycle (TCA cycle)_Oxidative phosphorylation_Pyruvate metabolism_Butanoate metabolism_Carbon fixation pathways in prokaryotes_Metabolic pathways_Biosynthesis of secondary metabolites_Microbial metabolism in diverse environments_Biosynthesis of antibiotics_Carbon metabolism_Two-component system_","ko00020_ko00190_ko00620_ko00650_ko00720_ko01100_ko01110_ko01120_ko01130_ko01200_ko02020_",0,1,1,0,0
"305","K00246",0,0,0,"frdC","Citrate cycle (TCA cycle)_Oxidative phosphorylation_Pyruvate metabolism_Butanoate metabolism_Carbon fixation pathways in prokaryotes_Metabolic pathways_Biosynthesis of secondary metabolites_Microbial metabolism in diverse environments_Biosynthesis of antibiotics_Carbon metabolism_Two-component system_","ko00020_ko00190_ko00620_ko00650_ko00720_ko01100_ko01110_ko01120_ko01130_ko01200_ko02020_",0,1,1,0,0
"306","K00247",0,0,0,"frdD","Citrate cycle (TCA cycle)_Oxidative phosphorylation_Pyruvate metabolism_Butanoate metabolism_Carbon fixation pathways in prokaryotes_Metabolic pathways_Biosynthesis of secondary metabolites_Microbial metabolism in diverse environments_Biosynthesis of antibiotics_Carbon metabolism_Two-component system_","ko00020_ko00190_ko00620_ko00650_ko00720_ko01100_ko01110_ko01120_ko01130_ko01200_ko02020_",0,1,1,0,0
"307","K00248",0,0,0,"ACADS, bcd","Fatty acid degradation_Valine, leucine and isoleucine degradation_Butanoate metabolism_Metabolic pathways_Biosynthesis of secondary metabolites_Microbial metabolism in diverse environments_Carbon metabolism_Fatty acid metabolism_","ko00071_ko00280_ko00650_ko01100_ko01110_ko01120_ko01200_ko01212_",0,1,0,1,0
"308","K00249",0,0,0,"ACADM, acd","Fatty acid degradation_Valine, leucine and isoleucine degradation_beta-Alanine metabolism_Propanoate metabolism_Metabolic pathways_Biosynthesis of secondary metabolites_Biosynthesis of antibiotics_Carbon metabolism_Fatty acid metabolism_PPAR signaling pathway_","ko00071_ko00280_ko00410_ko00640_ko01100_ko01110_ko01130_ko01200_ko01212_ko03320_",1,0,1,1,0
"309","K00252",0,0,0,"GCDH, gcdH","Fatty acid degradation_Lysine degradation_Benzoate degradation_Tryptophan metabolism_Metabolic pathways_Microbial metabolism in diverse environments_Biosynthesis of antibiotics_","ko00071_ko00310_ko00362_ko00380_ko01100_ko01120_ko01130_",0,0,0,0,1
"310","K00253",0,0,0,"IVD, ivd","Valine, leucine and isoleucine degradation_Metabolic pathways_","ko00280_ko01100_",0,0,0,1,0
"311","K00255",0,0,0,"ACADL","Fatty acid degradation_Metabolic pathways_Fatty acid metabolism_PPAR signaling pathway_","ko00071_ko01100_ko01212_ko03320_",0,0,0,0,1
"312","K00257",0,0,0,"mbtN, fadE14","_","_",0,0,0,0,1
"313","K00258",0,0,0,NA,NA,NA,0,0,0,0,1
"314","K00259",0,0,0,"ald","Alanine, aspartate and glutamate metabolism_Taurine and hypotaurine metabolism_Metabolic pathways_","ko00250_ko00430_ko01100_",0,0,1,0,0
"315","K00260",0,0,0,"gudB, rocG","Arginine biosynthesis_Alanine, aspartate and glutamate metabolism_Taurine and hypotaurine metabolism_Nitrogen metabolism_Metabolic pathways_","ko00220_ko00250_ko00430_ko00910_ko01100_",0,0,1,0,0
"316","K00261",0,0,0,"GLUD1_2, gdhA","Arginine biosynthesis_Alanine, aspartate and glutamate metabolism_D-Glutamine and D-glutamate metabolism_Nitrogen metabolism_Metabolic pathways_Carbon metabolism_Necroptosis_Proximal tubule bicarbonate reclamation_","ko00220_ko00250_ko00471_ko00910_ko01100_ko01200_ko04217_ko04964_",0,0,0,0,1
"317","K00262",0,0,0,"E1.4.1.4, gdhA","Arginine biosynthesis_Alanine, aspartate and glutamate metabolism_Nitrogen metabolism_Metabolic pathways_","ko00220_ko00250_ko00910_ko01100_",0,0,0,0,1
"318","K00263",0,0,0,"E1.4.1.9","Valine, leucine and isoleucine degradation_Valine, leucine and isoleucine biosynthesis_Metabolic pathways_Biosynthesis of secondary metabolites_Biosynthesis of antibiotics_","ko00280_ko00290_ko01100_ko01110_ko01130_",0,0,0,1,0
"319","K00265",0,0,0,"gltB","Alanine, aspartate and glutamate metabolism_Nitrogen metabolism_Metabolic pathways_Biosynthesis of secondary metabolites_Microbial metabolism in diverse environments_Biosynthesis of antibiotics_Biosynthesis of amino acids_","ko00250_ko00910_ko01100_ko01110_ko01120_ko01130_ko01230_",0,0,0,0,1
"320","K00266",0,0,0,"gltD","Alanine, aspartate and glutamate metabolism_Nitrogen metabolism_Metabolic pathways_Biosynthesis of secondary metabolites_Microbial metabolism in diverse environments_Biosynthesis of antibiotics_Biosynthesis of amino acids_","ko00250_ko00910_ko01100_ko01110_ko01120_ko01130_ko01230_",0,0,0,0,1
"321","K00270",0,0,0,"pdh","Tyrosine metabolism_Phenylalanine metabolism_Phenylalanine, tyrosine and tryptophan biosynthesis_Metabolic pathways_Biosynthesis of secondary metabolites_Biosynthesis of antibiotics_","ko00350_ko00360_ko00400_ko01100_ko01110_ko01130_",0,0,0,0,1
"322","K00273",0,0,0,"DAO, aao","Glycine, serine and threonine metabolism_Penicillin and cephalosporin biosynthesis_Arginine and proline metabolism_D-Arginine and D-ornithine metabolism_Metabolic pathways_Biosynthesis of antibiotics_Peroxisome_","ko00260_ko00311_ko00330_ko00472_ko01100_ko01130_ko04146_",0,0,0,0,1
"323","K00274",0,0,0,"MAO, aofH","Glycine, serine and threonine metabolism_Arginine and proline metabolism_Histidine metabolism_Tyrosine metabolism_Phenylalanine metabolism_Tryptophan metabolism_Isoquinoline alkaloid biosynthesis_Drug metabolism - cytochrome P450_Metabolic pathways_Biosynthesis of secondary metabolites_Serotonergic synapse_Dopaminergic synapse_Cocaine addiction_Amphetamine addiction_Alcoholism_","ko00260_ko00330_ko00340_ko00350_ko00360_ko00380_ko00950_ko00982_ko01100_ko01110_ko04726_ko04728_ko05030_ko05031_ko05034_",0,0,0,0,1
"324","K00275",0,0,0,"pdxH, PNPO","Vitamin B6 metabolism_Metabolic pathways_Microbial metabolism in diverse environments_","ko00750_ko01100_ko01120_",0,0,0,0,1
"325","K00276",0,0,0,"AOC3, AOC2, tynA","Glycine, serine and threonine metabolism_Tyrosine metabolism_Phenylalanine metabolism_beta-Alanine metabolism_Isoquinoline alkaloid biosynthesis_Tropane, piperidine and pyridine alkaloid biosynthesis_Metabolic pathways_Biosynthesis of secondary metabolites_","ko00260_ko00350_ko00360_ko00410_ko00950_ko00960_ko01100_ko01110_",0,0,0,0,1
"326","K00278",0,0,0,"nadB","Alanine, aspartate and glutamate metabolism_Nicotinate and nicotinamide metabolism_Metabolic pathways_","ko00250_ko00760_ko01100_",0,0,0,0,1
"327","K00281",0,0,0,"GLDC, gcvP","Glycine, serine and threonine metabolism_Glyoxylate and dicarboxylate metabolism_Metabolic pathways_Biosynthesis of secondary metabolites_Biosynthesis of antibiotics_Carbon metabolism_","ko00260_ko00630_ko01100_ko01110_ko01130_ko01200_",0,0,0,0,1
"328","K00282",0,0,0,"gcvPA","Glycine, serine and threonine metabolism_Glyoxylate and dicarboxylate metabolism_Metabolic pathways_Biosynthesis of secondary metabolites_Biosynthesis of antibiotics_Carbon metabolism_","ko00260_ko00630_ko01100_ko01110_ko01130_ko01200_",0,0,0,0,1
"329","K00283",0,0,0,"gcvPB","Glycine, serine and threonine metabolism_Glyoxylate and dicarboxylate metabolism_Metabolic pathways_Biosynthesis of secondary metabolites_Biosynthesis of antibiotics_Carbon metabolism_","ko00260_ko00630_ko01100_ko01110_ko01130_ko01200_",0,0,0,0,1
"330","K00284",0,0,0,"E1.4.7.1","Glyoxylate and dicarboxylate metabolism_Nitrogen metabolism_Microbial metabolism in diverse environments_","ko00630_ko00910_ko01120_",0,0,0,0,1
"331","K00285",0,0,0,"dadA","Phenylalanine metabolism_","ko00360_",0,0,0,0,1
"332","K00286",0,0,0,"proC","Arginine and proline metabolism_Metabolic pathways_Biosynthesis of secondary metabolites_Biosynthesis of antibiotics_Biosynthesis of amino acids_","ko00330_ko01100_ko01110_ko01130_ko01230_",0,0,0,0,1
"333","K00287",0,0,0,"DHFR, folA","One carbon pool by folate_Folate biosynthesis_Metabolic pathways_Antifolate resistance_","ko00670_ko00790_ko01100_ko01523_",0,0,0,0,1
"334","K00290",0,0,0,"LYS1","Lysine biosynthesis_Lysine degradation_Metabolic pathways_Biosynthesis of secondary metabolites_Biosynthesis of antibiotics_Biosynthesis of amino acids_","ko00300_ko00310_ko01100_ko01110_ko01130_ko01230_",0,0,0,0,1
"335","K00294",0,0,0,"E1.2.1.88","Alanine, aspartate and glutamate metabolism_Arginine and proline metabolism_Metabolic pathways_","ko00250_ko00330_ko01100_",0,0,0,0,1
"336","K00297",0,0,0,"metF, MTHFR","One carbon pool by folate_Carbon fixation pathways in prokaryotes_Metabolic pathways_Microbial metabolism in diverse environments_Carbon metabolism_Antifolate resistance_","ko00670_ko00720_ko01100_ko01120_ko01200_ko01523_",0,0,1,0,0
"337","K00299",0,0,0,"ssuE","Riboflavin metabolism_Sulfur metabolism_Metabolic pathways_","ko00740_ko00920_ko01100_",0,0,1,0,0
"338","K00300",0,0,0,NA,NA,NA,0,0,0,0,1
"339","K00301",0,0,0,"E1.5.3.1","Glycine, serine and threonine metabolism_Metabolic pathways_","ko00260_ko01100_",0,0,0,0,1
"340","K00302",0,0,0,"soxA","Glycine, serine and threonine metabolism_Metabolic pathways_","ko00260_ko01100_",0,0,0,0,1
"341","K00303",0,0,0,"soxB","Glycine, serine and threonine metabolism_Metabolic pathways_","ko00260_ko01100_",0,0,0,0,1
"342","K00304",0,0,0,"soxD","Glycine, serine and threonine metabolism_Metabolic pathways_","ko00260_ko01100_",0,0,0,0,1
"343","K00305",0,0,0,"soxG","Glycine, serine and threonine metabolism_Metabolic pathways_","ko00260_ko01100_",0,0,0,0,1
"344","K00309",0,0,0,NA,NA,NA,0,0,0,0,1
"345","K00311",0,0,0,"ETFDH","_","_",0,0,0,0,1
"346","K00313",0,0,2.77555756156289e-17,"fixC","_","_",0,0,0,0,1
"347","K00314",0,0,0,"SARDH","Glycine, serine and threonine metabolism_Metabolic pathways_","ko00260_ko01100_",0,0,0,0,1
"348","K00315",0,0,0,"DMGDH","Glycine, serine and threonine metabolism_Metabolic pathways_","ko00260_ko01100_",0,0,0,0,1
"349","K00316",0,0,0,"spdH","Arginine and proline metabolism_beta-Alanine metabolism_Metabolic pathways_","ko00330_ko00410_ko01100_",0,0,0,0,1
"350","K00317",0,0,0,"dmd-tmd","Methane metabolism_Microbial metabolism in diverse environments_Carbon metabolism_","ko00680_ko01120_ko01200_",0,0,1,0,0
"351","K00318",0,0,0,"PRODH","Arginine and proline metabolism_Metabolic pathways_Biosynthesis of secondary metabolites_Biosynthesis of antibiotics_","ko00330_ko01100_ko01110_ko01130_",0,0,0,0,1
"352","K00320",0,0,0,"mer","Methane metabolism_Metabolic pathways_Microbial metabolism in diverse environments_Carbon metabolism_","ko00680_ko01100_ko01120_ko01200_",0,0,1,0,0
"353","K00322",0,0,0,"sthA, udhA","Nicotinate and nicotinamide metabolism_Metabolic pathways_","ko00760_ko01100_",0,0,0,0,1
"354","K00324",0,0,0,"pntA","Nicotinate and nicotinamide metabolism_Metabolic pathways_","ko00760_ko01100_",0,0,0,0,1
"355","K00325",0,0,0,"pntB","Nicotinate and nicotinamide metabolism_Metabolic pathways_","ko00760_ko01100_",0,0,0,0,1
"356","K00329",0,0,0,"E1.6.5.3","Oxidative phosphorylation_","ko00190_",0,0,0,0,1
"357","K00330",0,0,0,"nuoA","Oxidative phosphorylation_Metabolic pathways_","ko00190_ko01100_",0,0,0,0,1
"358","K00331",0,0,0,"nuoB","Oxidative phosphorylation_Metabolic pathways_","ko00190_ko01100_",0,0,0,0,1
"359","K00332",0,0,0,"nuoC","Oxidative phosphorylation_Metabolic pathways_","ko00190_ko01100_",0,0,0,0,1
"360","K00333",0,0,0,"nuoD","Oxidative phosphorylation_Metabolic pathways_","ko00190_ko01100_",0,0,0,0,1
"361","K00334",0,0,0,"nuoE","Oxidative phosphorylation_Metabolic pathways_","ko00190_ko01100_",0,0,0,0,1
"362","K00335",0,0,0,"nuoF","Oxidative phosphorylation_Metabolic pathways_","ko00190_ko01100_",0,0,0,0,1
"363","K00336",0,0,0,"nuoG","Oxidative phosphorylation_Metabolic pathways_","ko00190_ko01100_",0,0,0,0,1
"364","K00337",0,0,0,"nuoH","Oxidative phosphorylation_Metabolic pathways_","ko00190_ko01100_",0,0,0,0,1
"365","K00338",0,0,0,"nuoI","Oxidative phosphorylation_Metabolic pathways_","ko00190_ko01100_",0,0,0,0,1
"366","K00339",0,0,0,"nuoJ","Oxidative phosphorylation_Metabolic pathways_","ko00190_ko01100_",0,0,0,0,1
"367","K00340",0,0,0,"nuoK","Oxidative phosphorylation_Metabolic pathways_","ko00190_ko01100_",0,0,0,0,1
"368","K00341",0,0,0,"nuoL","Oxidative phosphorylation_Metabolic pathways_","ko00190_ko01100_",0,0,0,0,1
"369","K00342",0,0,0,"nuoM","Oxidative phosphorylation_Metabolic pathways_","ko00190_ko01100_",0,0,0,0,1
"370","K00343",0,0,0,"nuoN","Oxidative phosphorylation_Metabolic pathways_","ko00190_ko01100_",0,0,0,0,1
"371","K00344",0,0,0,"qor, CRYZ","_","_",0,0,0,0,1
"372","K00346",0,-0.432991169698889,0.37756904029021,"nqrA","_","_",0,0,0,0,1
"373","K00349",0,-0.32025547572192,0.415648907006874,"nqrD","_","_",0,0,0,0,1
"374","K00355",0,0,0,"NQO1","Ubiquinone and other terpenoid-quinone biosynthesis_Biosynthesis of secondary metabolites_Pathways in cancer_Hepatocellular carcinoma_Fluid shear stress and atherosclerosis_","ko00130_ko01110_ko05200_ko05225_ko05418_",0,0,0,0,1
"375","K00356",0,0,0,"E1.6.99.3","Oxidative phosphorylation_","ko00190_",0,0,0,0,1
"376","K00358",0,0,0,NA,NA,NA,0,0,0,0,1
"377","K00359",0,0,0,NA,NA,NA,0,0,0,0,1
"378","K00362",0,0,0,"nirB","Nitrogen metabolism_Microbial metabolism in diverse environments_","ko00910_ko01120_",0,0,0,0,1
"379","K00363",0,0,0,"nirD","Nitrogen metabolism_Microbial metabolism in diverse environments_","ko00910_ko01120_",0,0,0,0,1
"380","K00364",0,0,0,"E1.7.1.7, guaC","Purine metabolism_","ko00230_",0,0,0,0,1
"381","K00365",0,0,0,"uaZ","Purine metabolism_Caffeine metabolism_Metabolic pathways_Microbial metabolism in diverse environments_","ko00230_ko00232_ko01100_ko01120_",0,0,0,0,1
"382","K00366",0,0,0,"nirA","Nitrogen metabolism_Microbial metabolism in diverse environments_","ko00910_ko01120_",0,0,0,0,1
"383","K00367",0,0,0,"narB","Nitrogen metabolism_Microbial metabolism in diverse environments_","ko00910_ko01120_",0,0,0,0,1
"384","K00368",0,0,0,"nirK","Nitrogen metabolism_Microbial metabolism in diverse environments_","ko00910_ko01120_",0,0,0,0,1
"385","K00369",0,0,0,NA,NA,NA,0,0,0,0,1
"386","K00370",0,0,0,"narG, narZ, nxrA","Nitrogen metabolism_Microbial metabolism in diverse environments_Two-component system_","ko00910_ko01120_ko02020_",0,0,0,0,1
"387","K00371",0,0,0,"narH, narY, nxrB","Nitrogen metabolism_Microbial metabolism in diverse environments_Two-component system_","ko00910_ko01120_ko02020_",0,0,0,0,1
"388","K00372",0,0,0,"nasA","Nitrogen metabolism_Microbial metabolism in diverse environments_","ko00910_ko01120_",0,0,0,0,1
"389","K00373",0,0,0,"narJ, narW","Two-component system_","ko02020_",0,0,0,0,1
"390","K00374",0,0,0,"narI, narV","Nitrogen metabolism_Microbial metabolism in diverse environments_Two-component system_","ko00910_ko01120_ko02020_",0,0,0,0,1
"391","K00375",0,0,0,"K00375","_","_",0,0,0,0,1
"392","K00376",0,0,0,"nosZ","Nitrogen metabolism_Microbial metabolism in diverse environments_","ko00910_ko01120_",0,0,0,0,1
"393","K00378",0,0,0,NA,NA,NA,0,0,0,0,1
"394","K00380",0,0,0,"cysJ","Sulfur metabolism_Metabolic pathways_Microbial metabolism in diverse environments_","ko00920_ko01100_ko01120_",0,0,1,0,0
"395","K00381",0,0,0,"cysI","Sulfur metabolism_Metabolic pathways_Microbial metabolism in diverse environments_","ko00920_ko01100_ko01120_",0,0,1,0,0
"396","K00382",0,0,0,"DLD, lpd, pdhD","Glycolysis / Gluconeogenesis_Citrate cycle (TCA cycle)_Glycine, serine and threonine metabolism_Valine, leucine and isoleucine degradation_Pyruvate metabolism_Glyoxylate and dicarboxylate metabolism_Propanoate metabolism_Metabolic pathways_Biosynthesis of secondary metabolites_Microbial metabolism in diverse environments_Biosynthesis of antibiotics_Carbon metabolism_","ko00010_ko00020_ko00260_ko00280_ko00620_ko00630_ko00640_ko01100_ko01110_ko01120_ko01130_ko01200_",1,0,1,1,0
"397","K00383",0,0,0,"GSR, gor","Glutathione metabolism_Thyroid hormone synthesis_","ko00480_ko04918_",0,0,0,0,1
"398","K00384",0,0,0,"trxB, TRR","Selenocompound metabolism_","ko00450_",0,0,0,0,1
"399","K00387",0,0,0,"SUOX","Sulfur metabolism_Metabolic pathways_Microbial metabolism in diverse environments_","ko00920_ko01100_ko01120_",0,0,1,0,0
"400","K00389",0,0,0,"yidH","_","_",0,0,0,0,1
"401","K00390",0,0,0,"cysH","Sulfur metabolism_Metabolic pathways_Microbial metabolism in diverse environments_","ko00920_ko01100_ko01120_",0,0,1,0,0
"402","K00392",0,0,0,"sir","Sulfur metabolism_Metabolic pathways_Microbial metabolism in diverse environments_","ko00920_ko01100_ko01120_",0,0,1,0,0
"403","K00394",0,0,0,"aprA","Sulfur metabolism_Metabolic pathways_Microbial metabolism in diverse environments_","ko00920_ko01100_ko01120_",0,0,1,0,0
"404","K00395",0,0,0,"aprB","Sulfur metabolism_Metabolic pathways_Microbial metabolism in diverse environments_","ko00920_ko01100_ko01120_",0,0,1,0,0
"405","K00404",0,0,0,"ccoN","Oxidative phosphorylation_Metabolic pathways_Two-component system_","ko00190_ko01100_ko02020_",0,0,0,0,1
"406","K00405",0,0,0,"ccoO","Oxidative phosphorylation_Metabolic pathways_Two-component system_","ko00190_ko01100_ko02020_",0,0,0,0,1
"407","K00406",0,0,0,"ccoP","Oxidative phosphorylation_Metabolic pathways_Two-component system_","ko00190_ko01100_ko02020_",0,0,0,0,1
"408","K00407",0,0,0,"ccoQ","Oxidative phosphorylation_Metabolic pathways_Two-component system_","ko00190_ko01100_ko02020_",0,0,0,0,1
"409","K00411",0,0,0,"UQCRFS1, RIP1, petA","Oxidative phosphorylation_Metabolic pathways_Two-component system_Cardiac muscle contraction_Non-alcoholic fatty liver disease (NAFLD)_Alzheimer's disease_Parkinson's disease_Huntington's disease_","ko00190_ko01100_ko02020_ko04260_ko04932_ko05010_ko05012_ko05016_",0,0,0,0,1
"410","K00412",0,0,0,"CYTB, petB","Oxidative phosphorylation_Metabolic pathways_Two-component system_Cardiac muscle contraction_Non-alcoholic fatty liver disease (NAFLD)_Alzheimer's disease_Parkinson's disease_Huntington's disease_","ko00190_ko01100_ko02020_ko04260_ko04932_ko05010_ko05012_ko05016_",0,0,0,0,1
"411","K00413",0,0,0,"CYC1, CYT1, petC","Oxidative phosphorylation_Metabolic pathways_Two-component system_Cardiac muscle contraction_Non-alcoholic fatty liver disease (NAFLD)_Alzheimer's disease_Parkinson's disease_Huntington's disease_","ko00190_ko01100_ko02020_ko04260_ko04932_ko05010_ko05012_ko05016_",0,0,0,0,1
"412","K00423",0,0,0,"E1.10.3.3","Ascorbate and aldarate metabolism_Metabolic pathways_","ko00053_ko01100_",0,0,0,0,1
"413","K00425",0,0,0,"cydA","Oxidative phosphorylation_Metabolic pathways_Two-component system_","ko00190_ko01100_ko02020_",0,0,0,0,1
"414","K00426",0,0,0,"cydB","Oxidative phosphorylation_Metabolic pathways_Two-component system_","ko00190_ko01100_ko02020_",0,0,0,0,1
"415","K00428",0,0,0,"E1.11.1.5","_","_",0,0,0,0,1
"416","K00429",0,0,0,NA,NA,NA,0,0,0,0,1
"417","K00432",0,0,0,"gpx","Glutathione metabolism_Arachidonic acid metabolism_Thyroid hormone synthesis_","ko00480_ko00590_ko04918_",0,0,0,0,1
"418","K00433",0,0,0,"cpo","_","_",0,0,0,0,1
"419","K00435",0,0,0,"hemQ","Porphyrin and chlorophyll metabolism_Metabolic pathways_Biosynthesis of secondary metabolites_","ko00860_ko01100_ko01110_",0,0,0,0,1
"420","K00436",0,0,0,"hoxH","_","_",0,0,0,0,1
"421","K00437",0,-0.169840120798031,0.21943561590356,"hydB","_","_",0,0,0,0,1
"422","K00441",0,0,0,"frhB","Methane metabolism_Metabolic pathways_Microbial metabolism in diverse environments_","ko00680_ko01100_ko01120_",0,0,1,0,0
"423","K00442",0,0,0,"frhD","Methane metabolism_Metabolic pathways_Microbial metabolism in diverse environments_","ko00680_ko01100_ko01120_",0,0,1,0,0
"424","K00446",0,0,0,"dmpB, xylE","Chlorocyclohexane and chlorobenzene degradation_Benzoate degradation_Xylene degradation_Styrene degradation_Metabolic pathways_Microbial metabolism in diverse environments_Degradation of aromatic compounds_","ko00361_ko00362_ko00622_ko00643_ko01100_ko01120_ko01220_",0,0,0,0,1
"425","K00448",0,0,0,"pcaG","Benzoate degradation_Polycyclic aromatic hydrocarbon degradation_Metabolic pathways_Microbial metabolism in diverse environments_Degradation of aromatic compounds_","ko00362_ko00624_ko01100_ko01120_ko01220_",0,0,0,0,1
"426","K00449",0,0,0,"pcaH","Benzoate degradation_Polycyclic aromatic hydrocarbon degradation_Metabolic pathways_Microbial metabolism in diverse environments_Degradation of aromatic compounds_","ko00362_ko00624_ko01100_ko01120_ko01220_",0,0,0,0,1
"427","K00450",0,0,0,"E1.13.11.4","Tyrosine metabolism_Metabolic pathways_Microbial metabolism in diverse environments_","ko00350_ko01100_ko01120_",0,0,0,0,1
"428","K00451",0,0,0,"HGD, hmgA","Tyrosine metabolism_Styrene degradation_Metabolic pathways_Microbial metabolism in diverse environments_","ko00350_ko00643_ko01100_ko01120_",0,0,0,0,1
"429","K00452",0,0,0,"HAAO","Tryptophan metabolism_Metabolic pathways_","ko00380_ko01100_",0,0,0,0,1
"430","K00453",0,0,0,"TDO2, kynA","Tryptophan metabolism_Metabolic pathways_","ko00380_ko01100_",0,0,0,0,1
"431","K00455",0,0,0,"hpaD, hpcB","Tyrosine metabolism_Microbial metabolism in diverse environments_Degradation of aromatic compounds_","ko00350_ko01120_ko01220_",0,0,0,0,1
"432","K00457",0,0,0,"HPD, hppD","Ubiquinone and other terpenoid-quinone biosynthesis_Tyrosine metabolism_Phenylalanine metabolism_Metabolic pathways_","ko00130_ko00350_ko00360_ko01100_",0,0,0,0,1
"433","K00459",0,0,0,"ncd2, npd","Nitrogen metabolism_","ko00910_",0,0,0,0,1
"434","K00462",0,0,0,"bphC","Chlorocyclohexane and chlorobenzene degradation_Dioxin degradation_Metabolic pathways_Microbial metabolism in diverse environments_Degradation of aromatic compounds_","ko00361_ko00621_ko01100_ko01120_ko01220_",0,0,0,0,1
"435","K00464",0,0,0,"diox1","_","_",0,0,0,0,1
"436","K00466",0,0,0,"iaaM","Tryptophan metabolism_","ko00380_",0,0,0,0,1
"437","K00467",0,0,0,"E1.13.12.4","Pyruvate metabolism_","ko00620_",0,0,1,0,0
"438","K00469",0,0,0,"MIOX","Ascorbate and aldarate metabolism_Inositol phosphate metabolism_","ko00053_ko00562_",0,0,0,0,1
"439","K00470",0,0,0,NA,NA,NA,0,0,0,0,1
"440","K00471",0,0,0,"E1.14.11.1","Lysine degradation_","ko00310_",0,0,0,0,1
"441","K00472",0,0,0,"P4HA","Arginine and proline metabolism_Metabolic pathways_","ko00330_ko01100_",0,0,0,0,1
"442","K00476",0,0,0,"ASPH","_","_",0,0,0,0,1
"443","K00477",0,0,0,"PHYH","Peroxisome_","ko04146_",0,0,0,0,1
"444","K00479",0,0,0,"gbcA","_","_",0,0,0,0,1
"445","K00480",0,0,0,"E1.14.13.1","Dioxin degradation_Polycyclic aromatic hydrocarbon degradation_Naphthalene degradation_Metabolic pathways_Microbial metabolism in diverse environments_Degradation of aromatic compounds_","ko00621_ko00624_ko00626_ko01100_ko01120_ko01220_",0,0,0,0,1
"446","K00481",0,0,0,"pobA","Benzoate degradation_Metabolic pathways_Microbial metabolism in diverse environments_Degradation of aromatic compounds_","ko00362_ko01100_ko01120_ko01220_",0,0,0,0,1
"447","K00483",0,0,0,"hpaB","Tyrosine metabolism_Microbial metabolism in diverse environments_Degradation of aromatic compounds_","ko00350_ko01120_ko01220_",0,0,0,0,1
"448","K00484",0,0,0,"hpaC","Tyrosine metabolism_Riboflavin metabolism_Metabolic pathways_Microbial metabolism in diverse environments_Degradation of aromatic compounds_","ko00350_ko00740_ko01100_ko01120_ko01220_",0,0,0,0,1
"449","K00485",0,0,0,"FMO","Drug metabolism - cytochrome P450_Microbial metabolism in diverse environments_","ko00982_ko01120_",0,0,0,0,1
"450","K00486",0,0,0,"KMO","Tryptophan metabolism_Metabolic pathways_","ko00380_ko01100_",0,0,0,0,1
"451","K00491",0,0,0,"nos","Arginine biosynthesis_Arginine and proline metabolism_Metabolic pathways_Biosynthesis of secondary metabolites_","ko00220_ko00330_ko01100_ko01110_",0,0,0,0,1
"452","K00492",0,0,0,NA,NA,NA,0,0,0,0,1
"453","K00493",0,0,0,"E1.14.14.1","Fatty acid degradation_Tryptophan metabolism_Aminobenzoate degradation_Microbial metabolism in diverse environments_","ko00071_ko00380_ko00627_ko01120_",0,0,0,0,1
"454","K00494",0,0,0,"luxA","Two-component system_Quorum sensing_","ko02020_ko02024_",0,0,0,0,1
"455","K00495",0,0,0,"CYP71AN24","Cyanoamino acid metabolism_Biosynthesis of secondary metabolites_","ko00460_ko01110_",0,0,0,0,1
"456","K00496",0,0,0,"alkB1_2, alkM","Fatty acid degradation_Caprolactam degradation_","ko00071_ko00930_",0,0,0,0,1
"457","K00499",0,0,0,"CMO","Glycine, serine and threonine metabolism_","ko00260_",0,0,0,0,1
"458","K00500",0,0,0,"phhA, PAH","Phenylalanine metabolism_Phenylalanine, tyrosine and tryptophan biosynthesis_Folate biosynthesis_Metabolic pathways_Biosynthesis of amino acids_","ko00360_ko00400_ko00790_ko01100_ko01230_",0,0,0,0,1
"459","K00505",0,0,0,"TYR","Tyrosine metabolism_Isoquinoline alkaloid biosynthesis_Betalain biosynthesis_Metabolic pathways_Biosynthesis of secondary metabolites_Melanogenesis_","ko00350_ko00950_ko00965_ko01100_ko01110_ko04916_",0,0,0,0,1
"460","K00507",0,0,0,"SCD, desC","Biosynthesis of unsaturated fatty acids_Fatty acid metabolism_PPAR signaling pathway_AMPK signaling pathway_Longevity regulating pathway - worm_","ko01040_ko01212_ko03320_ko04152_ko04212_",0,0,0,0,1
"461","K00508",0,0,0,"E1.14.19.3","Linoleic acid metabolism_Metabolic pathways_","ko00591_ko01100_",0,0,0,0,1
"462","K00510",0,0,0,"HMOX1","Porphyrin and chlorophyll metabolism_Metabolic pathways_Biosynthesis of secondary metabolites_HIF-1 signaling pathway_Ferroptosis_Mineral absorption_Pathways in cancer_MicroRNAs in cancer_Hepatocellular carcinoma_Fluid shear stress and atherosclerosis_","ko00860_ko01100_ko01110_ko04066_ko04216_ko04978_ko05200_ko05206_ko05225_ko05418_",0,0,0,0,1
"463","K00514",0,0,0,"ZDS, crtQ","Carotenoid biosynthesis_Metabolic pathways_Biosynthesis of secondary metabolites_","ko00906_ko01100_ko01110_",0,0,0,0,1
"464","K00517",0,0,0,"CYP81F","_","_",0,0,0,0,1
"465","K00518",0,0,0,"sodN","_","_",0,0,0,0,1
"466","K00520",0,0,0,"merA","_","_",0,0,0,0,1
"467","K00523",0,0,0,"ascD, ddhD, rfbI","Amino sugar and nucleotide sugar metabolism_","ko00520_",0,0,0,0,1
"468","K00524",0,0,0,"nrdJ","Purine metabolism_Pyrimidine metabolism_Metabolic pathways_","ko00230_ko00240_ko01100_",0,0,0,0,1
"469","K00525",0,0,0,"E1.17.4.1A, nrdA, nrdE","Purine metabolism_Pyrimidine metabolism_Metabolic pathways_","ko00230_ko00240_ko01100_",0,0,0,0,1
"470","K00526",0,0,0,"E1.17.4.1B, nrdB, nrdF","Purine metabolism_Pyrimidine metabolism_Metabolic pathways_","ko00230_ko00240_ko01100_",0,0,0,0,1
"471","K00527",0,0,0,"rtpR","Purine metabolism_Pyrimidine metabolism_Metabolic pathways_","ko00230_ko00240_ko01100_",0,0,0,0,1
"472","K00528",0,0,0,"fpr","_","_",0,0,0,0,1
"473","K00529",0,0,0,"hcaD","Fatty acid degradation_Phenylalanine metabolism_Microbial metabolism in diverse environments_Degradation of aromatic compounds_","ko00071_ko00360_ko01120_ko01220_",0,0,0,0,1
"474","K00535",0,0,0,NA,NA,NA,0,0,0,0,1
"475","K00537",0,0,0,"ARSC1, arsC","_","_",0,0,0,0,1
"476","K00538",0,0,0,NA,NA,NA,0,0,0,0,1
"477","K00540",0,0,0,NA,NA,NA,0,0,0,0,1
"478","K00544",0,0,0,"BHMT","Glycine, serine and threonine metabolism_Cysteine and methionine metabolism_Metabolic pathways_","ko00260_ko00270_ko01100_",0,0,0,0,1
"479","K00547",0,0,0,"mmuM, BHMT2","Cysteine and methionine metabolism_Metabolic pathways_Biosynthesis of secondary metabolites_","ko00270_ko01100_ko01110_",0,0,0,0,1
"480","K00548",0,0,0,"metH, MTR","Cysteine and methionine metabolism_Selenocompound metabolism_One carbon pool by folate_Metabolic pathways_Biosynthesis of secondary metabolites_Biosynthesis of amino acids_","ko00270_ko00450_ko00670_ko01100_ko01110_ko01230_",0,0,0,0,1
"481","K00549",0,0,0,"metE","Cysteine and methionine metabolism_Selenocompound metabolism_Metabolic pathways_Biosynthesis of secondary metabolites_Biosynthesis of amino acids_","ko00270_ko00450_ko01100_ko01110_ko01230_",0,0,0,0,1
"482","K00551",0,0,0,"PEMT","Glycerophospholipid metabolism_Metabolic pathways_Biosynthesis of secondary metabolites_","ko00564_ko01100_ko01110_",0,0,0,0,1
"483","K00554",0,0,0,"trmD","_","_",0,0,0,0,1
"484","K00555",0,0,0,"TRMT1, trm1","_","_",0,0,0,0,1
"485","K00556",0,0,0,"trmH","_","_",0,0,0,0,1
"486","K00557",0,0,0,"trmA","_","_",0,0,0,0,1
"487","K00558",0,0,0,"DNMT1, dcm","Cysteine and methionine metabolism_Metabolic pathways_MicroRNAs in cancer_","ko00270_ko01100_ko05206_",0,0,0,0,1
"488","K00560",0,0,0,"thyA, TYMS","Pyrimidine metabolism_One carbon pool by folate_Metabolic pathways_Antifolate resistance_","ko00240_ko00670_ko01100_ko01523_",0,0,0,0,1
"489","K00561",0,0,0,"ermC, ermA","_","_",0,0,0,0,1
"490","K00563",0,0,0,"rlmA1","_","_",0,0,0,0,1
"491","K00564",0,0,0,"rsmC","_","_",0,0,0,0,1
"492","K00566",0,0,0,"mnmA, trmU","Sulfur relay system_","ko04122_",0,0,0,0,1
"493","K00567",0,0,0,"ogt, MGMT","_","_",0,0,0,0,1
"494","K00568",0,0,0,"ubiG","Ubiquinone and other terpenoid-quinone biosynthesis_Metabolic pathways_Biosynthesis of secondary metabolites_","ko00130_ko01100_ko01110_",0,0,0,0,1
"495","K00569",0,0,0,"TPMT, tpmT","Drug metabolism - other enzymes_","ko00983_",0,0,0,0,1
"496","K00570",0,0,0,"pmtA","Glycerophospholipid metabolism_Metabolic pathways_Biosynthesis of secondary metabolites_","ko00564_ko01100_ko01110_",0,0,0,0,1
"497","K00571",0,0,0,"E2.1.1.72","_","_",0,0,0,0,1
"498","K00573",0,0,0,"E2.1.1.77, pcm","_","_",0,0,0,0,1
"499","K00574",0,0,0,"cfa","_","_",0,0,0,0,1
"500","K00575",0,0,0,"cheR","Two-component system_Bacterial chemotaxis_","ko02020_ko02030_",0,0,0,0,1
"501","K00587",0,0,0,"ICMT, STE14","Terpenoid backbone biosynthesis_Biosynthesis of antibiotics_","ko00900_ko01130_",0,0,0,0,1
"502","K00588",0,0,0,"E2.1.1.104","Phenylalanine metabolism_Phenylpropanoid biosynthesis_Flavonoid biosynthesis_Stilbenoid, diarylheptanoid and gingerol biosynthesis_Metabolic pathways_Biosynthesis of secondary metabolites_","ko00360_ko00940_ko00941_ko00945_ko01100_ko01110_",0,0,0,0,1
"503","K00590",0,0,0,"E2.1.1.113","_","_",0,0,0,0,1
"504","K00594",0,0,0,"xyoA, aldO","Pentose and glucuronate interconversions_Fructose and mannose metabolism_Metabolic pathways_","ko00040_ko00051_ko01100_",0,0,0,0,1
"505","K00595",0,0,0,"cobL","Porphyrin and chlorophyll metabolism_Metabolic pathways_","ko00860_ko01100_",0,0,0,0,1
"506","K00596",0,0,0,"E4.1.1.64","_","_",0,0,0,0,1
"507","K00598",0,0,0,"tam","_","_",0,0,0,0,1
"508","K00599",0,0,0,"METTL6","_","_",0,0,0,0,1
"509","K00600",0,0,0,"glyA, SHMT","Glycine, serine and threonine metabolism_Cyanoamino acid metabolism_Glyoxylate and dicarboxylate metabolism_One carbon pool by folate_Methane metabolism_Metabolic pathways_Biosynthesis of secondary metabolites_Microbial metabolism in diverse environments_Biosynthesis of antibiotics_Carbon metabolism_Biosynthesis of amino acids_Antifolate resistance_","ko00260_ko00460_ko00630_ko00670_ko00680_ko01100_ko01110_ko01120_ko01130_ko01200_ko01230_ko01523_",0,0,1,0,0
"510","K00602",0,0,0,"purH","Purine metabolism_One carbon pool by folate_Metabolic pathways_Biosynthesis of secondary metabolites_Biosynthesis of antibiotics_Antifolate resistance_","ko00230_ko00670_ko01100_ko01110_ko01130_ko01523_",0,0,0,0,1
"511","K00603",0,0,0,"fctD","Histidine metabolism_One carbon pool by folate_Metabolic pathways_","ko00340_ko00670_ko01100_",0,0,0,0,1
"512","K00604",0,0,0,"MTFMT, fmt","One carbon pool by folate_Aminoacyl-tRNA biosynthesis_","ko00670_ko00970_",0,0,0,0,1
"513","K00605",0,0,0,"gcvT, AMT","Glycine, serine and threonine metabolism_Glyoxylate and dicarboxylate metabolism_One carbon pool by folate_Metabolic pathways_Biosynthesis of secondary metabolites_Biosynthesis of antibiotics_Carbon metabolism_","ko00260_ko00630_ko00670_ko01100_ko01110_ko01130_ko01200_",0,0,0,0,1
"514","K00606",0,0,0,"panB","Pantothenate and CoA biosynthesis_Metabolic pathways_Biosynthesis of secondary metabolites_","ko00770_ko01100_ko01110_",0,0,0,0,1
"515","K00607",0,0,0,NA,NA,NA,0,0,0,0,1
"516","K00609",0,0,0,"pyrB, PYR2","Pyrimidine metabolism_Alanine, aspartate and glutamate metabolism_Metabolic pathways_","ko00240_ko00250_ko01100_",0,0,0,0,1
"517","K00610",0,-0.113656996594502,0.0589691707764704,"pyrI","Pyrimidine metabolism_Alanine, aspartate and glutamate metabolism_Metabolic pathways_","ko00240_ko00250_ko01100_",0,0,0,0,1
"518","K00611",0,0,0,"OTC, argF, argI","Arginine biosynthesis_Metabolic pathways_Biosynthesis of secondary metabolites_Biosynthesis of antibiotics_Biosynthesis of amino acids_","ko00220_ko01100_ko01110_ko01130_ko01230_",0,0,0,0,1
"519","K00612",0,0,0,"E2.1.3.-","_","_",0,0,0,0,1
"520","K00614",0,0,0,NA,NA,NA,0,0,0,0,1
"521","K00615",0,0,0,"E2.2.1.1, tktA, tktB","Pentose phosphate pathway_Carbon fixation in photosynthetic organisms_Biosynthesis of ansamycins_Metabolic pathways_Biosynthesis of secondary metabolites_Microbial metabolism in diverse environments_Biosynthesis of antibiotics_Carbon metabolism_Biosynthesis of amino acids_","ko00030_ko00710_ko01051_ko01100_ko01110_ko01120_ko01130_ko01200_ko01230_",0,0,0,0,1
"522","K00616",0,0,0,"E2.2.1.2, talA, talB","Pentose phosphate pathway_Metabolic pathways_Biosynthesis of secondary metabolites_Microbial metabolism in diverse environments_Biosynthesis of antibiotics_Carbon metabolism_Biosynthesis of amino acids_","ko00030_ko01100_ko01110_ko01120_ko01130_ko01200_ko01230_",0,0,0,0,1
"523","K00619",0,0,0,"argA","Arginine biosynthesis_Metabolic pathways_Biosynthesis of secondary metabolites_Biosynthesis of antibiotics_2-Oxocarboxylic acid metabolism_Biosynthesis of amino acids_","ko00220_ko01100_ko01110_ko01130_ko01210_ko01230_",0,0,0,0,1
