kegg_id,median_MDA,quantile_25,quantile_75,gene_name,pathways,kegg_orthologs,propionate_pathway,butyrate_pathway,acetate_pathway,isobutyrate_pathway,other_pathway
K13923,2.262585244536504,1.001001502504383,3.693600111009324,pduL,Propanoate metabolism_,ko00640_,1,0,1,0,0
K13921,2.1563832396154394,1.001001502504383,3.7386550433033388,pduQ,Propanoate metabolism_,ko00640_,1,0,1,0,0
K01128,1.3619774100820528,0.474960846057733,2.050246822417186,SMPDL3,_,_,0,0,0,0,1
K08260,0.9012790995433417,0.1418793241144876,1.6474887299184124,cbiZ,Porphyrin and chlorophyll metabolism_Metabolic pathways_,ko00860_ko01100_,0,0,0,0,1
K01622,0.7869838827665872,0.14637475306244627,1.7068281744508618,K01622,Glycolysis / Gluconeogenesis_Pentose phosphate pathway_Fructose and mannose metabolism_Methane metabolism_Metabolic pathways_Biosynthesis of secondary metabolites_Microbial metabolism in diverse environments_Biosynthesis of antibiotics_Carbon metabolism_Biosynthesis of amino acids_,ko00010_ko00030_ko00051_ko00680_ko01100_ko01110_ko01120_ko01130_ko01200_ko01230_,0,0,1,0,0
K03078,0.7852659731473977,0,1.424228857814494,"ulaD, sgaH, sgbH",Pentose and glucuronate interconversions_Ascorbate and aldarate metabolism_Metabolic pathways_Microbial metabolism in diverse environments_,ko00040_ko00053_ko01100_ko01120_,0,0,0,0,1
K06036,0.7542484563161914,0.15271061658946128,1.558268670095682,NA,NA,NA,0,0,0,0,1
K00879,0.7043933196722656,0.24792161383043396,1.4177975300980656,fucK,Fructose and mannose metabolism_Microbial metabolism in diverse environments_,ko00051_ko01120_,0,0,0,0,1
K03796,0.6265418117748214,0.1833078668951874,1.0151837313156236,bax,_,_,0,0,0,0,1
K08589,0.582080972626186,0,1.2920415258466138,rgpA_B,Cationic antimicrobial peptide (CAMP) resistance_,ko01503_,0,0,0,0,1
K08298,0.4950732238477537,-0.054742780270726696,1.2220973527383345,caiB,_,_,0,0,0,0,1
K02430,0.480508499370831,0,0.9633194678691089,fucR,_,_,0,0,0,0,1
K01170,0.39112245343081314,0,0.9389806705676855,endA,_,_,0,0,0,0,1
K07308,0.3751304484512563,-0.05598594892241776,0.9818686403846074,dmsC,Sulfur metabolism_,ko00920_,0,0,1,0,0
K14084,0.3724474195086844,-0.16228809266321392,0.9492952998346942,mttC,Methane metabolism_Microbial metabolism in diverse environments_Carbon metabolism_,ko00680_ko01120_ko01200_,0,0,1,0,0
K13607,0.326687748275457,-0.0635803701894695,0.8622527616807341,fldA,"Tropane, piperidine and pyridine alkaloid biosynthesis_",ko00960_,0,0,0,0,1
K01492,0.3220859643177506,-0.3902709560501595,0.8569537930575135,purNH,Purine metabolism_One carbon pool by folate_Metabolic pathways_Biosynthesis of secondary metabolites_Biosynthesis of antibiotics_,ko00230_ko00670_ko01100_ko01110_ko01130_,0,0,0,0,1
K03170,0.3052686831402836,0,0.6206259380379073,"topG, rgy",_,_,0,0,0,0,1
K07309,0.2892456318836881,-0.37304850327299965,0.8163305076467242,ynfE,Selenocompound metabolism_,ko00450_,0,0,0,0,1
K10725,0.26960213764343244,0,0.7120927060908151,cdc6A,_,_,0,0,0,0,1
K07466,0.2687817413491338,0,0.8655419252993863,"RFA1, RPA1, rpa",DNA replication_Nucleotide excision repair_Mismatch repair_Homologous recombination_Fanconi anemia pathway_,ko03030_ko03420_ko03430_ko03440_ko03460_,0,0,0,0,1
K03124,0.2582169834889656,0,0.678391512139392,"TFIIB, GTF2B, SUA7, tfb",Basal transcription factors_Epstein-Barr virus infection_Viral carcinogenesis_,ko03022_ko05169_ko05203_,0,0,0,0,1
K11046,0.2390252875643608,-0.2560083112357952,0.5951495463849971,sagA,_,_,0,0,0,0,1
K13057,0.2350419763570334,-0.40361087611200985,0.5558823157466627,treT,Starch and sucrose metabolism_Metabolic pathways_,ko00500_ko01100_,0,0,0,0,1
K11014,0.2332775986172697,-0.3775864517977811,0.724217016928831,cdtB,_,_,0,0,0,0,1
K13727,0.19114894761110024,-0.3854003743949298,0.7187112686928898,pdc,_,_,0,0,0,0,1
K03489,0.18952717327017105,-0.23186771215752688,0.5776190553506277,yydK,_,_,0,0,0,0,1
K06921,0.18759416441493565,-0.2805280243366412,0.4681345065278218,K06921,_,_,0,0,0,0,1
K01865,0.18755966537756025,-0.035274322388805686,0.8286329649070245,hab,Aminobenzoate degradation_Microbial metabolism in diverse environments_,ko00627_ko01120_,0,0,0,0,1
K07055,0.18292808719999099,-0.02971874798358464,0.7945215958408242,"TRM12, TYW2",_,_,0,0,0,0,1
K11015,0.1803431472624198,-0.22753258553418199,0.6564099577486862,cdtC,_,_,0,0,0,0,1
K09729,0.17201958071197881,-0.162014126879855,0.43045731042155644,K09729,_,_,0,0,0,0,1
K11013,0.16051638852095648,-0.23498710567460615,0.5005007512521915,cdtA,_,_,0,0,0,0,1
K12996,0.15860680675791627,-0.26206298926251964,0.5008611677197826,rgpA,_,_,0,0,0,0,1
K07318,0.1533498577431779,-0.2841231687575404,0.573415949391345,K07318,_,_,0,0,0,0,1
K00349,0.14494250304779754,-0.3793832799428505,0.49169530163280933,nqrD,_,_,0,0,0,0,1
K01746,0.14101120109252635,-0.17397000677906252,0.6431869549288294,E4.3.1.4,One carbon pool by folate_Metabolic pathways_,ko00670_ko01100_,0,0,0,0,1
K08315,0.13400519929546334,-0.4821775183936504,0.591814308614047,hycI,_,_,0,0,0,0,1
K09789,0.11257506505187628,-0.25764815564255944,0.3680764881936115,bioG,Biotin metabolism_Metabolic pathways_,ko00780_ko01100_,0,0,0,0,1
K07310,0.10095064713946937,-0.4641313306441569,0.5474121075136398,ynfF,Selenocompound metabolism_,ko00450_,0,0,0,0,1
K02241,0.09798037559106909,-0.2774002587775401,0.5033119955585824,comFB,_,_,0,0,0,0,1
K12143,0.09706712402751505,-0.41661082881775185,0.698645839754284,hyfH,_,_,0,0,0,0,1
K08297,0.09360713173753739,-0.4450155003149693,0.5383371962359059,caiA,_,_,0,0,0,0,1
K09384,0.08903706376183682,-0.2968320482895721,0.4454149097242843,K09384,_,_,0,0,0,0,1
K11106,0.08149788935163241,-0.37752104917149976,0.4780746144503185,ttdT,_,_,0,0,0,0,1
K00613,0.08022925427724245,-0.4135367000049979,0.5923567031058371,GATM,"Glycine, serine and threonine metabolism_Arginine and proline metabolism_Metabolic pathways_",ko00260_ko00330_ko01100_,0,0,0,0,1
K02381,0.08006606462302908,-0.24378143737191083,0.6806828082035804,fdrA,_,_,0,0,0,0,1
K13001,0.0767824074087174,-0.3651382052098605,0.7003392054605229,wbyK,_,_,0,0,0,0,1
K00737,0.07511097864675015,-0.3762949733134391,0.4146769399525165,MGAT3,N-Glycan biosynthesis_Metabolic pathways_,ko00510_ko01100_,0,0,0,0,1
K13990,0.07416153840448264,-0.17606814472186125,0.4115590598675014,FTCD,Histidine metabolism_One carbon pool by folate_Metabolic pathways_,ko00340_ko00670_ko01100_,0,0,0,0,1
K12139,0.07289573817481934,-0.3092864061459797,0.5962722868627257,hyfD,_,_,0,0,0,0,1
K00531,0.07158339782188798,-0.3657037724858726,0.5649382256583286,anfG,Chloroalkane and chloroalkene degradation_Nitrogen metabolism_Metabolic pathways_Microbial metabolism in diverse environments_,ko00625_ko00910_ko01100_ko01120_,0,0,0,0,1
K10036,0.06867714862018315,-0.22446091104329685,0.39708884409081135,glnH,ABC transporters_,ko02010_,0,0,0,0,1
K08078,0.06785536713370469,-0.1296612160335185,0.5005007512521915,NA,NA,NA,0,0,0,0,1
K10672,0.0673440427922571,-0.4187957873672015,0.6386515525244454,grdB,_,_,0,0,0,0,1
K05599,0.06683166491720613,-0.5097956407695892,0.5517868522652971,antA,Aminobenzoate degradation_Microbial metabolism in diverse environments_,ko00627_ko01120_,0,0,0,0,1
K14086,0.0661872779055383,-0.23060693410247665,0.38300256171834135,echA,_,_,0,0,0,0,1
K00348,0.061742507691030526,-0.3180109901591503,0.3869486785706514,nqrC,_,_,0,0,0,0,1
K00094,0.0596231954028079,-0.2608931201535707,0.45034279012960793,"E1.1.1.251, gatD",Galactose metabolism_Metabolic pathways_,ko00052_ko01100_,0,0,0,0,1
K10984,0.05705281323514649,-0.5062191691854887,0.7475200726424834,"PTS-Gam-EIIB, agaB",Galactose metabolism_Phosphotransferase system (PTS)_,ko00052_ko02060_,0,0,0,0,1
K10711,0.056533482108898525,-0.4648508999978691,0.4230422503157152,frlR,_,_,0,0,0,0,1
K05792,0.05482301210162409,-0.33698497567298524,0.42469188377385936,terA,_,_,0,0,0,0,1
K12138,0.054491839456211263,-0.48852873225619625,0.685554004138147,hyfC,_,_,0,0,0,0,1
K14446,0.05212481903346894,-0.2694968300158477,0.2523907748544186,ccr,Glyoxylate and dicarboxylate metabolism_Microbial metabolism in diverse environments_Carbon metabolism_,ko00630_ko01120_ko01200_,0,0,0,0,1
K03231,0.05123454980801252,-0.27349343556180394,0.7584561231665031,EEF1A,RNA transport_Legionellosis_,ko03013_ko05134_,0,0,0,0,1
K03533,0.04476335990296078,-0.5011070119678137,0.7168879669732457,torD,Two-component system_,ko02020_,0,0,0,0,1
K00353,0.04395897142597856,-0.38674259587984977,0.5230848058221891,NA,NA,NA,0,0,0,0,1
K03191,0.043620449951974366,-0.3305476006301362,0.4633419231164231,ureI,Epithelial cell signaling in Helicobacter pylori infection_,ko05120_,0,0,0,0,1
K07016,0.04193350612319584,-0.4396242389337179,0.3129388208378704,"csm1, cas10",_,_,0,0,0,0,1
K05884,0.038965228773864054,-0.4476238000721309,0.43074913846832213,comC,Methane metabolism_,ko00680_,0,0,1,0,0
K00125,0.03862022246163857,-0.4052232494996265,0.5608596204528703,fdhB,Glyoxylate and dicarboxylate metabolism_Methane metabolism_Metabolic pathways_Microbial metabolism in diverse environments_Carbon metabolism_,ko00630_ko00680_ko01100_ko01120_ko01200_,0,0,1,0,0
K00025,0.03750304907543567,-0.32657668844818755,0.4035563691096311,MDH1,Citrate cycle (TCA cycle)_Cysteine and methionine metabolism_Pyruvate metabolism_Glyoxylate and dicarboxylate metabolism_Carbon fixation in photosynthetic organisms_Metabolic pathways_Biosynthesis of secondary metabolites_Microbial metabolism in diverse environments_Biosynthesis of antibiotics_Carbon metabolism_Proximal tubule bicarbonate reclamation_,ko00020_ko00270_ko00620_ko00630_ko00710_ko01100_ko01110_ko01120_ko01130_ko01200_ko04964_,0,0,1,0,0
K02102,0.035760537607817694,-0.39076613335605515,0.4629417140755443,NA,NA,NA,0,0,0,0,1
K03289,0.035492425907373476,-0.37934060641845646,0.574330891219273,nupG,_,_,0,0,0,0,1
K01446,0.032057871237706786,-0.2693218564561901,0.35607881866819424,PGRP,_,_,0,0,0,0,1
K11201,0.032049082101027984,-0.44451809790141456,0.5474202865988429,PTS-Fru2-EIIA,_,_,0,0,0,0,1
K10794,0.03062622099870428,-0.6346582532792296,0.5818384672986696,prdB,Arginine and proline metabolism_,ko00330_,0,0,0,0,1
K00032,0.03019509412933776,-0.5291637261860906,0.40053105881697487,E1.1.1.43,Pentose phosphate pathway_Glutathione metabolism_Metabolic pathways_Microbial metabolism in diverse environments_,ko00030_ko00480_ko01100_ko01120_,0,0,0,0,1
K04784,0.02840365849676668,-0.46496708152365845,0.43401355799641167,"irp2, HMWP2",Biosynthesis of siderophore group nonribosomal peptides_,ko01053_,0,0,0,0,1
K09994,0.0278489682607459,-0.4058760680073395,0.6262087654300414,phnO,Phosphonate and phosphinate metabolism_,ko00440_,0,0,1,0,0
K12997,0.027735393294205574,-0.40974021127231064,0.30183006356413766,rgpB,_,_,0,0,0,0,1
K01225,0.02145880413358725,-0.21817798757564444,0.265232579576938,CBH1,Starch and sucrose metabolism_Metabolic pathways_,ko00500_ko01100_,0,0,0,0,1
K06391,0.021392890317813107,-0.3360196528578995,0.2829075705675187,spoIIIAB,_,_,0,0,0,0,1
K00844,0.02069649968412976,-0.44642501571839216,0.5525820556783709,HK,"Glycolysis / Gluconeogenesis_Fructose and mannose metabolism_Galactose metabolism_Starch and sucrose metabolism_Amino sugar and nucleotide sugar metabolism_Streptomycin biosynthesis_Neomycin, kanamycin and gentamicin biosynthesis_Metabolic pathways_Biosynthesis of secondary metabolites_Microbial metabolism in diverse environments_Biosynthesis of antibiotics_Carbon metabolism_HIF-1 signaling pathway_Insulin signaling pathway_Type II diabetes mellitus_Carbohydrate digestion and absorption_Central carbon metabolism in cancer_",ko00010_ko00051_ko00052_ko00500_ko00520_ko00521_ko00524_ko01100_ko01110_ko01120_ko01130_ko01200_ko04066_ko04910_ko04930_ko04973_ko05230_,0,0,1,0,0
K10908,0.018796552055373672,-0.4257142603626977,0.38485287416834535,"POLRMT, RPO41",_,_,0,0,0,0,1
K01200,0.018289468497217715,-0.3748247951348891,0.2981032719097484,pulA,Starch and sucrose metabolism_Metabolic pathways_Biosynthesis of secondary metabolites_,ko00500_ko01100_ko01110_,0,0,0,0,1
K03093,0.016773802436425844,-0.31704948965060964,0.4272742807282673,sigI,_,_,0,0,0,0,1
K14091,0.016609911519148535,-0.3735961121055229,0.3521995157330191,echF,_,_,0,0,0,0,1
K02747,0.014377222048967825,-0.32175402811022,0.35471356880975186,"PTS-Aga-EIID, agaE",Galactose metabolism_Phosphotransferase system (PTS)_,ko00052_ko02060_,0,0,0,0,1
K12999,0.011752230128409577,-0.6510743244258257,0.526637478081148,rgpI,_,_,0,0,0,0,1
K12240,0.010762012781156238,-0.35876884491185307,0.5363516804520835,pchF,Biosynthesis of siderophore group nonribosomal peptides_,ko01053_,0,0,0,0,1
K00293,0.00602477630270154,-0.2220937337067114,0.4465769218424442,LYS9,Lysine biosynthesis_Lysine degradation_Metabolic pathways_Biosynthesis of secondary metabolites_Biosynthesis of antibiotics_Biosynthesis of amino acids_,ko00300_ko00310_ko01100_ko01110_ko01130_ko01230_,0,0,0,0,1
K12998,0.005488870929916782,-0.5005007512521914,0.5005007512521915,rgpE,_,_,0,0,0,0,1
K09469,0.005417180967844437,-0.42147926799363944,0.4804810934782603,aepZ,Metabolic pathways_,ko01100_,0,0,0,0,1
K11924,0.003271904444744733,-0.37274007680982724,0.4207727526419433,mntR,_,_,0,0,0,0,1
K07463,0.0028081553514989754,-0.13905680029512177,0.5989532647841654,K07463,_,_,0,0,0,0,1
K02319,0.0024567869289337414,-0.3712910805448007,0.5195558203601814,pol,Purine metabolism_Pyrimidine metabolism_Metabolic pathways_DNA replication_,ko00230_ko00240_ko01100_ko03030_,0,0,0,0,1
K03930,0.0016559277135211325,-0.17657902024647687,0.3455311800825907,estA,_,_,0,0,0,0,1
K01121,1.1345895870210065e-4,-0.46328527544562603,0.6014628791698632,CNP,_,_,0,0,0,0,1
K03410,5.551115123125783e-17,-0.21556275042251802,0.3403840906434017,cheC,Bacterial chemotaxis_,ko02030_,0,0,0,0,1
K05303,5.551115123125783e-17,-0.326761301006321,0.37199470053495565,K05303,_,_,0,0,0,0,1
K07311,5.551115123125783e-17,-0.4500681030338183,0.58501098660654,ynfG,_,_,0,0,0,0,1
K09925,5.551115123125783e-17,-0.455040115258852,0.6290578981461774,K09925,_,_,0,0,0,0,1
K00001,0,0,2.7755575615628914e-17,"E1.1.1.1, adh",Glycolysis / Gluconeogenesis_Fatty acid degradation_Tyrosine metabolism_Chloroalkane and chloroalkene degradation_Naphthalene degradation_Retinol metabolism_Metabolism of xenobiotics by cytochrome P450_Drug metabolism - cytochrome P450_Metabolic pathways_Biosynthesis of secondary metabolites_Microbial metabolism in diverse environments_Biosynthesis of antibiotics_Degradation of aromatic compounds_,ko00010_ko00071_ko00350_ko00625_ko00626_ko00830_ko00980_ko00982_ko01100_ko01110_ko01120_ko01130_ko01220_,0,0,1,0,0
K00002,0,-0.4686445101962464,0.2018403763040292,"AKR1A1, adh",Glycolysis / Gluconeogenesis_Pentose and glucuronate interconversions_Glycerolipid metabolism_Caprolactam degradation_Metabolic pathways_Biosynthesis of secondary metabolites_Microbial metabolism in diverse environments_Biosynthesis of antibiotics_Degradation of aromatic compounds_,ko00010_ko00040_ko00561_ko00930_ko01100_ko01110_ko01120_ko01130_ko01220_,0,0,1,0,0
K00003,0,0,0,E1.1.1.3,"Glycine, serine and threonine metabolism_Cysteine and methionine metabolism_Lysine biosynthesis_Metabolic pathways_Biosynthesis of secondary metabolites_Microbial metabolism in diverse environments_Biosynthesis of antibiotics_Biosynthesis of amino acids_",ko00260_ko00270_ko00300_ko01100_ko01110_ko01120_ko01130_ko01230_,0,0,0,0,1
K00004,0,0,0,"BDH, butB",Butanoate metabolism_,ko00650_,0,1,0,0,0
K00005,0,0,0.3112537557871564,gldA,Glycerolipid metabolism_Propanoate metabolism_Metabolic pathways_,ko00561_ko00640_ko01100_,1,0,1,0,0
K00008,0,-0.08861991976280259,0,"SORD, gutB",Pentose and glucuronate interconversions_Fructose and mannose metabolism_Metabolic pathways_,ko00040_ko00051_ko01100_,0,0,0,0,1
K00009,0,-1.1102230246251565e-16,0,mtlD,Fructose and mannose metabolism_,ko00051_,0,0,0,0,1
K00010,0,0,0,iolG,Streptomycin biosynthesis_Inositol phosphate metabolism_Metabolic pathways_Microbial metabolism in diverse environments_Biosynthesis of antibiotics_,ko00521_ko00562_ko01100_ko01120_ko01130_,0,0,0,0,1
K00011,0,0,0,AKR1B,Pentose and glucuronate interconversions_Fructose and mannose metabolism_Galactose metabolism_Glycerolipid metabolism_Folate biosynthesis_Metabolic pathways_,ko00040_ko00051_ko00052_ko00561_ko00790_ko01100_,0,0,0,0,1
K00012,0,0,0,"UGDH, ugd",Pentose and glucuronate interconversions_Ascorbate and aldarate metabolism_Amino sugar and nucleotide sugar metabolism_Metabolic pathways_,ko00040_ko00053_ko00520_ko01100_,0,0,0,0,1
K00013,0,0,0,hisD,Histidine metabolism_Metabolic pathways_Biosynthesis of secondary metabolites_Biosynthesis of amino acids_,ko00340_ko01100_ko01110_ko01230_,0,0,0,0,1
K00014,0,0,0,aroE,"Phenylalanine, tyrosine and tryptophan biosynthesis_Metabolic pathways_Biosynthesis of secondary metabolites_Biosynthesis of antibiotics_Biosynthesis of amino acids_",ko00400_ko01100_ko01110_ko01130_ko01230_,0,0,0,0,1
K00015,0,0,0,"gyaR, GOR1",Glyoxylate and dicarboxylate metabolism_Metabolic pathways_Biosynthesis of secondary metabolites_Microbial metabolism in diverse environments_,ko00630_ko01100_ko01110_ko01120_,0,0,0,0,1
K00016,0,0,0.008824696949402494,"LDH, ldh",Glycolysis / Gluconeogenesis_Cysteine and methionine metabolism_Pyruvate metabolism_Propanoate metabolism_Metabolic pathways_Biosynthesis of secondary metabolites_Microbial metabolism in diverse environments_Biosynthesis of antibiotics_Glucagon signaling pathway_,ko00010_ko00270_ko00620_ko00640_ko01100_ko01110_ko01120_ko01130_ko04922_,1,0,1,0,0
K00018,0,-1.5061361169022014e-4,0.08796880872374761,hprA,"Glycine, serine and threonine metabolism_Glyoxylate and dicarboxylate metabolism_Methane metabolism_Metabolic pathways_Biosynthesis of secondary metabolites_Microbial metabolism in diverse environments_Biosynthesis of antibiotics_Carbon metabolism_",ko00260_ko00630_ko00680_ko01100_ko01110_ko01120_ko01130_ko01200_,0,0,1,0,0
K00019,0,0,0,"E1.1.1.30, bdh",Synthesis and degradation of ketone bodies_Butanoate metabolism_Metabolic pathways_,ko00072_ko00650_ko01100_,0,1,0,0,0
K00020,0,0,0,"mmsB, HIBADH","Valine, leucine and isoleucine degradation_Metabolic pathways_",ko00280_ko01100_,0,0,0,1,0
K00023,0,0,0,phbB,Glyoxylate and dicarboxylate metabolism_Butanoate metabolism_Microbial metabolism in diverse environments_Carbon metabolism_,ko00630_ko00650_ko01120_ko01200_,0,1,0,0,0
K00024,0,0,0,mdh,Citrate cycle (TCA cycle)_Cysteine and methionine metabolism_Pyruvate metabolism_Glyoxylate and dicarboxylate metabolism_Methane metabolism_Carbon fixation in photosynthetic organisms_Carbon fixation pathways in prokaryotes_Metabolic pathways_Biosynthesis of secondary metabolites_Microbial metabolism in diverse environments_Biosynthesis of antibiotics_Carbon metabolism_,ko00020_ko00270_ko00620_ko00630_ko00680_ko00710_ko00720_ko01100_ko01110_ko01120_ko01130_ko01200_,0,0,1,0,0
K00027,0,0,0,"ME2, sfcA, maeA",Pyruvate metabolism_Carbon metabolism_Two-component system_,ko00620_ko01200_ko02020_,0,0,1,0,0
K00028,0,0,0,E1.1.1.39,Pyruvate metabolism_Carbon fixation in photosynthetic organisms_Metabolic pathways_Microbial metabolism in diverse environments_Carbon metabolism_,ko00620_ko00710_ko01100_ko01120_ko01200_,0,0,1,0,0
K00029,0,0,0,"E1.1.1.40, maeB",Pyruvate metabolism_Carbon fixation in photosynthetic organisms_Metabolic pathways_Microbial metabolism in diverse environments_Carbon metabolism_,ko00620_ko00710_ko01100_ko01120_ko01200_,0,0,1,0,0
K00030,0,0,0,IDH3,Citrate cycle (TCA cycle)_Metabolic pathways_Biosynthesis of secondary metabolites_Microbial metabolism in diverse environments_Biosynthesis of antibiotics_Carbon metabolism_2-Oxocarboxylic acid metabolism_Biosynthesis of amino acids_,ko00020_ko01100_ko01110_ko01120_ko01130_ko01200_ko01210_ko01230_,0,0,0,0,1
K00031,0,0,0,"IDH1, IDH2, icd",Citrate cycle (TCA cycle)_Glutathione metabolism_Carbon fixation pathways in prokaryotes_Metabolic pathways_Biosynthesis of secondary metabolites_Microbial metabolism in diverse environments_Biosynthesis of antibiotics_Carbon metabolism_2-Oxocarboxylic acid metabolism_Biosynthesis of amino acids_Peroxisome_,ko00020_ko00480_ko00720_ko01100_ko01110_ko01120_ko01130_ko01200_ko01210_ko01230_ko04146_,0,0,1,0,0
K00033,0,0,0,"PGD, gnd, gntZ",Pentose phosphate pathway_Glutathione metabolism_Metabolic pathways_Biosynthesis of secondary metabolites_Microbial metabolism in diverse environments_Biosynthesis of antibiotics_Carbon metabolism_,ko00030_ko00480_ko01100_ko01110_ko01120_ko01130_ko01200_,0,0,0,0,1
K00034,0,0,0,gdh,Pentose phosphate pathway_Microbial metabolism in diverse environments_Carbon metabolism_,ko00030_ko01120_ko01200_,0,0,0,0,1
K00035,0,0,0,gal,Galactose metabolism_Metabolic pathways_,ko00052_ko01100_,0,0,0,0,1
K00036,0,0,0,"G6PD, zwf",Pentose phosphate pathway_Glutathione metabolism_Metabolic pathways_Biosynthesis of secondary metabolites_Microbial metabolism in diverse environments_Biosynthesis of antibiotics_Carbon metabolism_Central carbon metabolism in cancer_,ko00030_ko00480_ko01100_ko01110_ko01120_ko01130_ko01200_ko05230_,0,0,0,0,1
K00037,0,0,0.0433060536138022,AKR1C4,Primary bile acid biosynthesis_Steroid hormone biosynthesis_Metabolic pathways_,ko00120_ko00140_ko01100_,0,0,0,0,1
K00038,0,0,0,E1.1.1.53,Steroid hormone biosynthesis_Metabolic pathways_,ko00140_ko01100_,0,0,0,0,1
K00039,0,0,0,rbtD,Pentose and glucuronate interconversions_Metabolic pathways_,ko00040_ko01100_,0,0,0,0,1
K00040,0,-2.7755575615628914e-17,0,uxuB,Pentose and glucuronate interconversions_Metabolic pathways_,ko00040_ko01100_,0,0,0,0,1
K00041,0,0,0.03367754518171519,uxaB,Pentose and glucuronate interconversions_Metabolic pathways_,ko00040_ko01100_,0,0,0,0,1
K00042,0,0,0,"garR, glxR",Glyoxylate and dicarboxylate metabolism_Metabolic pathways_,ko00630_ko01100_,0,0,0,0,1
K00044,0,0,0,HSD17B1,Steroid hormone biosynthesis_Metabolic pathways_Ovarian steroidogenesis_,ko00140_ko01100_ko04913_,0,0,0,0,1
K00045,0,0,0,"E1.1.1.67, mtlK",Fructose and mannose metabolism_,ko00051_,0,0,0,0,1
K00046,0,0,0.0406594706845635,idnO,_,_,0,0,0,0,1
K00048,0,-0.2109775658257381,0.3777869373328111,fucO,Glyoxylate and dicarboxylate metabolism_Propanoate metabolism_Microbial metabolism in diverse environments_,ko00630_ko00640_ko01120_,1,0,1,0,0
K00050,0,0,0,ttuD,"Glycine, serine and threonine metabolism_Glyoxylate and dicarboxylate metabolism_Metabolic pathways_Biosynthesis of secondary metabolites_",ko00260_ko00630_ko01100_ko01110_,0,0,0,0,1
K00052,0,0,0,"leuB, IMDH","Valine, leucine and isoleucine biosynthesis_C5-Branched dibasic acid metabolism_Metabolic pathways_Biosynthesis of secondary metabolites_2-Oxocarboxylic acid metabolism_Biosynthesis of amino acids_",ko00290_ko00660_ko01100_ko01110_ko01210_ko01230_,0,0,1,0,0
K00053,0,0,0,ilvC,"Valine, leucine and isoleucine biosynthesis_Pantothenate and CoA biosynthesis_Metabolic pathways_Biosynthesis of secondary metabolites_Biosynthesis of antibiotics_2-Oxocarboxylic acid metabolism_Biosynthesis of amino acids_",ko00290_ko00770_ko01100_ko01110_ko01130_ko01210_ko01230_,0,0,0,0,1
K00054,0,0,0,mvaA,Terpenoid backbone biosynthesis_Biosynthesis of secondary metabolites_Biosynthesis of antibiotics_,ko00900_ko01110_ko01130_,0,0,0,0,1
K00055,0,0,0,E1.1.1.90,Tyrosine metabolism_Phenylalanine metabolism_Xylene degradation_Toluene degradation_Metabolic pathways_Microbial metabolism in diverse environments_Degradation of aromatic compounds_,ko00350_ko00360_ko00622_ko00623_ko01100_ko01120_ko01220_,0,0,0,0,1
K00057,0,0,0,gpsA,Glycerophospholipid metabolism_Biosynthesis of secondary metabolites_,ko00564_ko01110_,0,0,0,0,1
K00058,0,0,0,"serA, PHGDH","Glycine, serine and threonine metabolism_Methane metabolism_Metabolic pathways_Microbial metabolism in diverse environments_Biosynthesis of antibiotics_Carbon metabolism_Biosynthesis of amino acids_",ko00260_ko00680_ko01100_ko01120_ko01130_ko01200_ko01230_,0,0,1,0,0
K00059,0,0,0,fabG,Fatty acid biosynthesis_Prodigiosin biosynthesis_Biotin metabolism_Biosynthesis of unsaturated fatty acids_Metabolic pathways_Biosynthesis of antibiotics_Fatty acid metabolism_,ko00061_ko00333_ko00780_ko01040_ko01100_ko01130_ko01212_,0,0,0,0,1
K00060,0,0,0,tdh,"Glycine, serine and threonine metabolism_",ko00260_,0,0,0,0,1
K00064,0,0,0,E1.1.1.122,Fructose and mannose metabolism_Ascorbate and aldarate metabolism_Metabolic pathways_Biosynthesis of secondary metabolites_Microbial metabolism in diverse environments_,ko00051_ko00053_ko01100_ko01110_ko01120_,0,0,0,0,1
K00065,0,0,0,kduD,Pentose and glucuronate interconversions_,ko00040_,0,0,0,0,1
K00066,0,-0.044740954455456686,0.1205917521761055,algD,Fructose and mannose metabolism_Amino sugar and nucleotide sugar metabolism_Two-component system_,ko00051_ko00520_ko02020_,0,0,0,0,1
K00067,0,-1.1102230246251565e-16,0,"rfbD, rmlD",Streptomycin biosynthesis_Polyketide sugar unit biosynthesis_Biosynthesis of antibiotics_,ko00521_ko00523_ko01130_,0,0,0,0,1
K00068,0,-0.19796693679679184,0.4807178532408448,srlD,Fructose and mannose metabolism_,ko00051_,0,0,0,0,1
K00073,0,0,0.15548031612010776,allD,Purine metabolism_Microbial metabolism in diverse environments_,ko00230_ko01120_,0,0,0,0,1
K00074,0,0,0,"paaH, hbd, fadB, mmgB",Phenylalanine metabolism_Benzoate degradation_Butanoate metabolism_Metabolic pathways_Microbial metabolism in diverse environments_,ko00360_ko00362_ko00650_ko01100_ko01120_,0,1,0,0,0
K00075,0,0,0,murB,Amino sugar and nucleotide sugar metabolism_Peptidoglycan biosynthesis_Metabolic pathways_,ko00520_ko00550_ko01100_,0,0,0,0,1
K00076,0,-0.4119485350400184,0.12145052831462838,hdhA,Secondary bile acid biosynthesis_,ko00121_,0,0,0,0,1
K00077,0,0,0,"panE, apbA",Pantothenate and CoA biosynthesis_Metabolic pathways_Biosynthesis of secondary metabolites_,ko00770_ko01100_ko01110_,0,0,0,0,1
K00079,0,0,0,CBR1,Arachidonic acid metabolism_Folate biosynthesis_Metabolism of xenobiotics by cytochrome P450_Metabolic pathways_Chemical carcinogenesis_,ko00590_ko00790_ko00980_ko01100_ko05204_,0,0,0,0,1
K00082,0,0,0,ribD2,Riboflavin metabolism_Metabolic pathways_Biosynthesis of secondary metabolites_,ko00740_ko01100_ko01110_,0,0,0,0,1
K00086,0,0,0,dhaT,Glycerolipid metabolism_Propanoate metabolism_,ko00561_ko00640_,1,0,1,0,0
K00088,0,0,0,"IMPDH, guaB",Purine metabolism_Drug metabolism - other enzymes_Metabolic pathways_Biosynthesis of secondary metabolites_,ko00230_ko00983_ko01100_ko01110_,0,0,0,0,1
K00090,0,0,0,ghrB,"Pentose phosphate pathway_Glycine, serine and threonine metabolism_Pyruvate metabolism_Glyoxylate and dicarboxylate metabolism_Metabolic pathways_Biosynthesis of secondary metabolites_Microbial metabolism in diverse environments_",ko00030_ko00260_ko00620_ko00630_ko01100_ko01110_ko01120_,0,0,1,0,0
K00091,0,0,0.2378308487143841,E1.1.1.219,_,_,0,0,0,0,1
K00097,0,0,0,pdxA,Vitamin B6 metabolism_Metabolic pathways_,ko00750_ko01100_,0,0,0,0,1
K00098,0,0,0,idnD,_,_,0,0,0,0,1
K00099,0,0,0,dxr,Terpenoid backbone biosynthesis_Metabolic pathways_Biosynthesis of secondary metabolites_Biosynthesis of antibiotics_,ko00900_ko01100_ko01110_ko01130_,0,0,0,0,1
K00100,0,0,0,bdhAB,Butanoate metabolism_Microbial metabolism in diverse environments_,ko00650_ko01120_,0,1,0,0,0
K00101,0,0,0,lldD,Pyruvate metabolism_Metabolic pathways_,ko00620_ko01100_,0,0,1,0,0
K00102,0,0,0,"LDHD, dld",Pyruvate metabolism_,ko00620_,0,0,1,0,0
K00103,0,0,0,GULO,Ascorbate and aldarate metabolism_Metabolic pathways_,ko00053_ko01100_,0,0,0,0,1
K00104,0,0,0,glcD,Glyoxylate and dicarboxylate metabolism_Metabolic pathways_Biosynthesis of secondary metabolites_Microbial metabolism in diverse environments_Biosynthesis of antibiotics_,ko00630_ko01100_ko01110_ko01120_ko01130_,0,0,0,0,1
K00105,0,0,0,E1.1.3.21,Glycerophospholipid metabolism_Biosynthesis of secondary metabolites_,ko00564_ko01110_,0,0,0,0,1
K00106,0,0,0,XDH,Purine metabolism_Caffeine metabolism_Drug metabolism - other enzymes_Metabolic pathways_Biosynthesis of secondary metabolites_Microbial metabolism in diverse environments_Peroxisome_,ko00230_ko00232_ko00983_ko01100_ko01110_ko01120_ko04146_,0,0,0,0,1
K00108,0,0,0,"betA, CHDH","Glycine, serine and threonine metabolism_Metabolic pathways_",ko00260_ko01100_,0,0,0,0,1
K00111,0,-0.02808240477227949,0,"glpA, glpD",Glycerophospholipid metabolism_Biosynthesis of secondary metabolites_,ko00564_ko01110_,0,0,0,0,1
K00112,0,-1.1102230246251565e-16,1.1102230246251565e-16,glpB,Glycerophospholipid metabolism_Biosynthesis of secondary metabolites_,ko00564_ko01110_,0,0,0,0,1
K00113,0,-0.1837772449863104,0.14554590792769437,glpC,Glycerophospholipid metabolism_Biosynthesis of secondary metabolites_,ko00564_ko01110_,0,0,0,0,1
K00114,0,0,0,exaA,Glycolysis / Gluconeogenesis_Chloroalkane and chloroalkene degradation_Metabolic pathways_Biosynthesis of secondary metabolites_Microbial metabolism in diverse environments_Biosynthesis of antibiotics_,ko00010_ko00625_ko01100_ko01110_ko01120_ko01130_,0,0,1,0,0
K00115,0,0,0,GLD,Pentose phosphate pathway_Metabolic pathways_Biosynthesis of secondary metabolites_Biosynthesis of antibiotics_,ko00030_ko01100_ko01110_ko01130_,0,0,0,0,1
K00116,0,0,0,mqo,Citrate cycle (TCA cycle)_Pyruvate metabolism_Metabolic pathways_Biosynthesis of secondary metabolites_Microbial metabolism in diverse environments_Biosynthesis of antibiotics_Carbon metabolism_,ko00020_ko00620_ko01100_ko01110_ko01120_ko01130_ko01200_,0,0,1,0,0
K00117,0,0,0,gcd,Pentose phosphate pathway_Metabolic pathways_Biosynthesis of secondary metabolites_Biosynthesis of antibiotics_,ko00030_ko01100_ko01110_ko01130_,0,0,0,0,1
K00118,0,0,0,gfo,_,_,0,0,0,0,1
K00119,0,0,0,NA,NA,NA,0,0,0,0,1
K00121,0,0,0,"frmA, ADH5, adhC",Glycolysis / Gluconeogenesis_Fatty acid degradation_Tyrosine metabolism_Chloroalkane and chloroalkene degradation_Naphthalene degradation_Methane metabolism_Retinol metabolism_Metabolism of xenobiotics by cytochrome P450_Drug metabolism - cytochrome P450_Metabolic pathways_Biosynthesis of secondary metabolites_Microbial metabolism in diverse environments_Biosynthesis of antibiotics_Carbon metabolism_Degradation of aromatic compounds_Chemical carcinogenesis_,ko00010_ko00071_ko00350_ko00625_ko00626_ko00680_ko00830_ko00980_ko00982_ko01100_ko01110_ko01120_ko01130_ko01200_ko01220_ko05204_,0,0,1,0,0
K00122,0,-1.1102230246251565e-16,0,FDH,Glyoxylate and dicarboxylate metabolism_Methane metabolism_Metabolic pathways_Microbial metabolism in diverse environments_Carbon metabolism_,ko00630_ko00680_ko01100_ko01120_ko01200_,0,0,1,0,0
K00123,0,0,0,"fdoG, fdhF",Glyoxylate and dicarboxylate metabolism_Methane metabolism_Metabolic pathways_Microbial metabolism in diverse environments_Carbon metabolism_,ko00630_ko00680_ko01100_ko01120_ko01200_,0,0,1,0,0
K00124,0,0,0,fdoH,Glyoxylate and dicarboxylate metabolism_Methane metabolism_Metabolic pathways_Microbial metabolism in diverse environments_Carbon metabolism_,ko00630_ko00680_ko01100_ko01120_ko01200_,0,0,1,0,0
K00126,0,0,0,fdsD,Glyoxylate and dicarboxylate metabolism_Methane metabolism_Metabolic pathways_Microbial metabolism in diverse environments_Carbon metabolism_,ko00630_ko00680_ko01100_ko01120_ko01200_,0,0,1,0,0
K00127,0,0,0,fdoI,Glyoxylate and dicarboxylate metabolism_Methane metabolism_Metabolic pathways_Microbial metabolism in diverse environments_Carbon metabolism_,ko00630_ko00680_ko01100_ko01120_ko01200_,0,0,1,0,0
K00128,0,0,0,ALDH,"Glycolysis / Gluconeogenesis_Ascorbate and aldarate metabolism_Fatty acid degradation_Valine, leucine and isoleucine degradation_Lysine degradation_Arginine and proline metabolism_Histidine metabolism_Tryptophan metabolism_beta-Alanine metabolism_Glycerolipid metabolism_Pyruvate metabolism_Chloroalkane and chloroalkene degradation_Limonene and pinene degradation_Insect hormone biosynthesis_Metabolic pathways_Biosynthesis of secondary metabolites_Microbial metabolism in diverse environments_Biosynthesis of antibiotics_",ko00010_ko00053_ko00071_ko00280_ko00310_ko00330_ko00340_ko00380_ko00410_ko00561_ko00620_ko00625_ko00903_ko00981_ko01100_ko01110_ko01120_ko01130_,0,0,1,1,0
K00130,0,0,0,"betB, gbsA","Glycine, serine and threonine metabolism_Metabolic pathways_",ko00260_ko01100_,0,0,0,0,1
K00131,0,0,0,gapN,Glycolysis / Gluconeogenesis_Pentose phosphate pathway_Metabolic pathways_Microbial metabolism in diverse environments_Carbon metabolism_,ko00010_ko00030_ko01100_ko01120_ko01200_,0,0,1,0,0
K00133,0,0,0,asd,"Glycine, serine and threonine metabolism_Monobactam biosynthesis_Cysteine and methionine metabolism_Lysine biosynthesis_Metabolic pathways_Biosynthesis of secondary metabolites_Microbial metabolism in diverse environments_Biosynthesis of antibiotics_2-Oxocarboxylic acid metabolism_Biosynthesis of amino acids_",ko00260_ko00261_ko00270_ko00300_ko01100_ko01110_ko01120_ko01130_ko01210_ko01230_,0,0,0,0,1
K00134,0,0,0,"GAPDH, gapA",Glycolysis / Gluconeogenesis_Carbon fixation in photosynthetic organisms_Metabolic pathways_Biosynthesis of secondary metabolites_Microbial metabolism in diverse environments_Biosynthesis of antibiotics_Carbon metabolism_Biosynthesis of amino acids_HIF-1 signaling pathway_Alzheimer's disease_,ko00010_ko00710_ko01100_ko01110_ko01120_ko01130_ko01200_ko01230_ko04066_ko05010_,0,0,1,0,0
K00135,0,0,0,gabD,"Alanine, aspartate and glutamate metabolism_Lysine degradation_Tyrosine metabolism_Butanoate metabolism_Nicotinate and nicotinamide metabolism_Metabolic pathways_Microbial metabolism in diverse environments_",ko00250_ko00310_ko00350_ko00650_ko00760_ko01100_ko01120_,0,1,0,0,0
K00137,0,0,0,prr,Arginine and proline metabolism_beta-Alanine metabolism_Metabolic pathways_,ko00330_ko00410_ko01100_,0,0,0,0,1
K00140,0,0,0,"mmsA, iolA, ALDH6A1","Valine, leucine and isoleucine degradation_beta-Alanine metabolism_Inositol phosphate metabolism_Propanoate metabolism_Metabolic pathways_Carbon metabolism_",ko00280_ko00410_ko00562_ko00640_ko01100_ko01200_,1,0,1,1,0
K00141,0,0,0,xylC,Xylene degradation_Toluene degradation_Aminobenzoate degradation_Metabolic pathways_Microbial metabolism in diverse environments_Degradation of aromatic compounds_,ko00622_ko00623_ko00627_ko01100_ko01120_ko01220_,0,0,0,0,1
K00145,0,0,0,argC,Arginine biosynthesis_Metabolic pathways_Biosynthesis of secondary metabolites_Biosynthesis of antibiotics_2-Oxocarboxylic acid metabolism_Biosynthesis of amino acids_,ko00220_ko01100_ko01110_ko01130_ko01210_ko01230_,0,0,0,0,1
K00146,0,0,0,feaB,Phenylalanine metabolism_Styrene degradation_Metabolic pathways_Microbial metabolism in diverse environments_,ko00360_ko00643_ko01100_ko01120_,0,0,0,0,1
K00147,0,0,0,proA,Arginine and proline metabolism_Carbapenem biosynthesis_Metabolic pathways_Biosynthesis of secondary metabolites_Biosynthesis of antibiotics_Biosynthesis of amino acids_,ko00330_ko00332_ko01100_ko01110_ko01130_ko01230_,0,0,0,0,1
K00148,0,0,0,fdhA,Chloroalkane and chloroalkene degradation_Methane metabolism_Metabolic pathways_Microbial metabolism in diverse environments_Carbon metabolism_,ko00625_ko00680_ko01100_ko01120_ko01200_,0,0,1,0,0
K00150,0,0,0,gap2,Glycolysis / Gluconeogenesis_Carbon fixation in photosynthetic organisms_Metabolic pathways_Biosynthesis of secondary metabolites_Microbial metabolism in diverse environments_Biosynthesis of antibiotics_Carbon metabolism_Biosynthesis of amino acids_,ko00010_ko00710_ko01100_ko01110_ko01120_ko01130_ko01200_ko01230_,0,0,1,0,0
K00151,0,0,0,"hpaE, hpcC",Tyrosine metabolism_Microbial metabolism in diverse environments_Degradation of aromatic compounds_,ko00350_ko01120_ko01220_,0,0,0,0,1
K00152,0,0,0,nahF,Naphthalene degradation_Metabolic pathways_Microbial metabolism in diverse environments_Degradation of aromatic compounds_,ko00626_ko01100_ko01120_ko01220_,0,0,0,0,1
K00153,0,0,0,E1.1.1.306,_,_,0,0,0,0,1
K00154,0,0,0,E1.2.1.68,_,_,0,0,0,0,1
K00155,0,0,0,NA,NA,NA,0,0,0,0,1
K00156,0,0,0,poxB,Pyruvate metabolism_,ko00620_,0,0,1,0,0
K00158,0,0,0,"E1.2.3.3, poxL",Pyruvate metabolism_Metabolic pathways_,ko00620_ko01100_,0,0,1,0,0
K00161,0,0,0,"PDHA, pdhA",Glycolysis / Gluconeogenesis_Citrate cycle (TCA cycle)_Pyruvate metabolism_Metabolic pathways_Biosynthesis of secondary metabolites_Microbial metabolism in diverse environments_Biosynthesis of antibiotics_Carbon metabolism_HIF-1 signaling pathway_Glucagon signaling pathway_Central carbon metabolism in cancer_,ko00010_ko00020_ko00620_ko01100_ko01110_ko01120_ko01130_ko01200_ko04066_ko04922_ko05230_,0,0,1,0,0
K00162,0,0,0,"PDHB, pdhB",Glycolysis / Gluconeogenesis_Citrate cycle (TCA cycle)_Pyruvate metabolism_Metabolic pathways_Biosynthesis of secondary metabolites_Microbial metabolism in diverse environments_Biosynthesis of antibiotics_Carbon metabolism_HIF-1 signaling pathway_Glucagon signaling pathway_Central carbon metabolism in cancer_,ko00010_ko00020_ko00620_ko01100_ko01110_ko01120_ko01130_ko01200_ko04066_ko04922_ko05230_,0,0,1,0,0
K00163,0,0,0,aceE,Glycolysis / Gluconeogenesis_Citrate cycle (TCA cycle)_Pyruvate metabolism_Metabolic pathways_Biosynthesis of secondary metabolites_Microbial metabolism in diverse environments_Biosynthesis of antibiotics_Carbon metabolism_,ko00010_ko00020_ko00620_ko01100_ko01110_ko01120_ko01130_ko01200_,0,0,1,0,0
K00164,0,0,0,"OGDH, sucA",Citrate cycle (TCA cycle)_Lysine degradation_Tryptophan metabolism_Metabolic pathways_Biosynthesis of secondary metabolites_Microbial metabolism in diverse environments_Biosynthesis of antibiotics_Carbon metabolism_,ko00020_ko00310_ko00380_ko01100_ko01110_ko01120_ko01130_ko01200_,0,0,0,0,1
K00166,0,0,0,"BCKDHA, bkdA1","Valine, leucine and isoleucine degradation_Propanoate metabolism_Metabolic pathways_Biosynthesis of secondary metabolites_Biosynthesis of antibiotics_",ko00280_ko00640_ko01100_ko01110_ko01130_,1,0,1,1,0
K00167,0,0,0,"BCKDHB, bkdA2","Valine, leucine and isoleucine degradation_Propanoate metabolism_Metabolic pathways_Biosynthesis of secondary metabolites_Biosynthesis of antibiotics_",ko00280_ko00640_ko01100_ko01110_ko01130_,1,0,1,1,0
K00169,0,0,0.495782740573517,porA,Glycolysis / Gluconeogenesis_Citrate cycle (TCA cycle)_Pyruvate metabolism_Nitrotoluene degradation_Propanoate metabolism_Butanoate metabolism_Methane metabolism_Carbon fixation pathways in prokaryotes_Metabolic pathways_Microbial metabolism in diverse environments_Biosynthesis of antibiotics_Carbon metabolism_,ko00010_ko00020_ko00620_ko00633_ko00640_ko00650_ko00680_ko00720_ko01100_ko01120_ko01130_ko01200_,1,1,1,0,0
K00170,0,0,0,porB,Glycolysis / Gluconeogenesis_Citrate cycle (TCA cycle)_Pyruvate metabolism_Nitrotoluene degradation_Propanoate metabolism_Butanoate metabolism_Methane metabolism_Carbon fixation pathways in prokaryotes_Metabolic pathways_Microbial metabolism in diverse environments_Biosynthesis of antibiotics_Carbon metabolism_,ko00010_ko00020_ko00620_ko00633_ko00640_ko00650_ko00680_ko00720_ko01100_ko01120_ko01130_ko01200_,1,1,1,0,0
K00171,0,-0.14343865124608673,0,porD,Glycolysis / Gluconeogenesis_Citrate cycle (TCA cycle)_Pyruvate metabolism_Nitrotoluene degradation_Propanoate metabolism_Butanoate metabolism_Methane metabolism_Carbon fixation pathways in prokaryotes_Metabolic pathways_Microbial metabolism in diverse environments_Biosynthesis of antibiotics_Carbon metabolism_,ko00010_ko00020_ko00620_ko00633_ko00640_ko00650_ko00680_ko00720_ko01100_ko01120_ko01130_ko01200_,1,1,1,0,0
K00172,0,-0.06061939577243339,0.15239489144766133,porG,Glycolysis / Gluconeogenesis_Citrate cycle (TCA cycle)_Pyruvate metabolism_Nitrotoluene degradation_Propanoate metabolism_Butanoate metabolism_Methane metabolism_Carbon fixation pathways in prokaryotes_Metabolic pathways_Microbial metabolism in diverse environments_Biosynthesis of antibiotics_Carbon metabolism_,ko00010_ko00020_ko00620_ko00633_ko00640_ko00650_ko00680_ko00720_ko01100_ko01120_ko01130_ko01200_,1,1,1,0,0
K00174,0,0,1.1102230246251565e-16,"korA, oorA, oforA",Glycolysis / Gluconeogenesis_Citrate cycle (TCA cycle)_Pyruvate metabolism_Butanoate metabolism_Carbon fixation pathways in prokaryotes_Metabolic pathways_Microbial metabolism in diverse environments_Biosynthesis of antibiotics_Carbon metabolism_,ko00010_ko00020_ko00620_ko00650_ko00720_ko01100_ko01120_ko01130_ko01200_,0,1,1,0,0
K00175,0,0,0,"korB, oorB, oforB",Glycolysis / Gluconeogenesis_Citrate cycle (TCA cycle)_Pyruvate metabolism_Butanoate metabolism_Carbon fixation pathways in prokaryotes_Metabolic pathways_Microbial metabolism in diverse environments_Biosynthesis of antibiotics_Carbon metabolism_,ko00010_ko00020_ko00620_ko00650_ko00720_ko01100_ko01120_ko01130_ko01200_,0,1,1,0,0
K00176,0,-0.1425778995656525,0.06433700488686225,"korD, oorD",Citrate cycle (TCA cycle)_Carbon fixation pathways in prokaryotes_Metabolic pathways_Microbial metabolism in diverse environments_Carbon metabolism_,ko00020_ko00720_ko01100_ko01120_ko01200_,0,0,1,0,0
K00177,0,0,0.5005007512521914,"korC, oorC",Citrate cycle (TCA cycle)_Carbon fixation pathways in prokaryotes_Metabolic pathways_Microbial metabolism in diverse environments_Carbon metabolism_,ko00020_ko00720_ko01100_ko01120_ko01200_,0,0,1,0,0
K00179,0,-0.31951683229063466,0.20302673079188663,iorA,_,_,0,0,0,0,1
K00180,0,-0.17071504918911978,0.01989352748558737,iorB,_,_,0,0,0,0,1
K00183,0,0,0.002204593138264246,K00183,_,_,0,0,0,0,1
K00184,0,0,0,K00184,_,_,0,0,0,0,1
K00185,0,0,0,K00185,_,_,0,0,0,0,1
K00194,0,-0.28359345080577336,0.2534579488006275,"cdhD, acsD",Methane metabolism_Carbon fixation pathways in prokaryotes_Microbial metabolism in diverse environments_Carbon metabolism_,ko00680_ko00720_ko01120_ko01200_,0,0,1,0,0
K00197,0,-0.30003393377148957,0.21913203312548798,"cdhE, acsC",Methane metabolism_Carbon fixation pathways in prokaryotes_Microbial metabolism in diverse environments_Carbon metabolism_,ko00680_ko00720_ko01120_ko01200_,0,0,1,0,0
K00200,0,-0.5005007512521914,0,"fwdA, fmdA",Methane metabolism_Metabolic pathways_Microbial metabolism in diverse environments_Biosynthesis of antibiotics_Carbon metabolism_,ko00680_ko01100_ko01120_ko01130_ko01200_,0,0,1,0,0
K00201,0,-0.5005007512521915,0.28557971137231253,"fwdB, fmdB",Methane metabolism_Metabolic pathways_Microbial metabolism in diverse environments_Carbon metabolism_,ko00680_ko01100_ko01120_ko01200_,0,0,1,0,0
K00202,0,-0.3308799868890222,0.0019424842342628782,"fwdC, fmdC",Methane metabolism_Metabolic pathways_Microbial metabolism in diverse environments_Carbon metabolism_,ko00680_ko01100_ko01120_ko01200_,0,0,1,0,0
K00207,0,0,0,DPYD,Pyrimidine metabolism_beta-Alanine metabolism_Pantothenate and CoA biosynthesis_Drug metabolism - other enzymes_Metabolic pathways_,ko00240_ko00410_ko00770_ko00983_ko01100_,0,0,0,0,1
K00208,0,0,0,fabI,Fatty acid biosynthesis_Prodigiosin biosynthesis_Biotin metabolism_Metabolic pathways_Biosynthesis of antibiotics_Fatty acid metabolism_,ko00061_ko00333_ko00780_ko01100_ko01130_ko01212_,0,0,0,0,1
K00210,0,0,0,E1.3.1.12,"Phenylalanine, tyrosine and tryptophan biosynthesis_Novobiocin biosynthesis_Metabolic pathways_Biosynthesis of secondary metabolites_Biosynthesis of antibiotics_Biosynthesis of amino acids_",ko00400_ko00401_ko01100_ko01110_ko01130_ko01230_,0,0,0,0,1
K00214,0,0,0,"BLVRA, bvdR",Porphyrin and chlorophyll metabolism_Metabolic pathways_Biosynthesis of secondary metabolites_,ko00860_ko01100_ko01110_,0,0,0,0,1
K00215,0,0,0,dapB,Monobactam biosynthesis_Lysine biosynthesis_Metabolic pathways_Biosynthesis of secondary metabolites_Microbial metabolism in diverse environments_Biosynthesis of antibiotics_Biosynthesis of amino acids_,ko00261_ko00300_ko01100_ko01110_ko01120_ko01130_ko01230_,0,0,0,0,1
K00216,0,0,0,entA,Biosynthesis of siderophore group nonribosomal peptides_Biosynthesis of secondary metabolites_Biosynthesis of antibiotics_,ko01053_ko01110_ko01130_,0,0,0,0,1
K00217,0,0,0,E1.3.1.32,Chlorocyclohexane and chlorobenzene degradation_Benzoate degradation_Fluorobenzoate degradation_Toluene degradation_Metabolic pathways_Microbial metabolism in diverse environments_Degradation of aromatic compounds_,ko00361_ko00362_ko00364_ko00623_ko01100_ko01120_ko01220_,0,0,0,0,1
K00218,0,0,0,por,Porphyrin and chlorophyll metabolism_Metabolic pathways_Biosynthesis of secondary metabolites_,ko00860_ko01100_ko01110_,0,0,0,0,1
K00219,0,0,0,fadH,_,_,0,0,0,0,1
K00220,0,-2.7755575615628914e-17,0,tyrC,"Phenylalanine, tyrosine and tryptophan biosynthesis_Novobiocin biosynthesis_Metabolic pathways_Biosynthesis of secondary metabolites_Biosynthesis of amino acids_",ko00400_ko00401_ko01100_ko01110_ko01230_,0,0,0,0,1
K00224,0,0,0,NA,NA,NA,0,0,0,0,1
K00226,0,0,0,pyrD,Pyrimidine metabolism_Metabolic pathways_,ko00240_ko01100_,0,0,0,0,1
K00228,0,0,0,"CPOX, hemF",Porphyrin and chlorophyll metabolism_Metabolic pathways_Biosynthesis of secondary metabolites_,ko00860_ko01100_ko01110_,0,0,0,0,1
K00230,0,0,0,hemG,Porphyrin and chlorophyll metabolism_Metabolic pathways_Biosynthesis of secondary metabolites_,ko00860_ko01100_ko01110_,0,0,0,0,1
K00231,0,-2.7755575615628914e-17,0,"PPOX, hemY",Porphyrin and chlorophyll metabolism_Metabolic pathways_Biosynthesis of secondary metabolites_,ko00860_ko01100_ko01110_,0,0,0,0,1
K00232,0,0,0,"E1.3.3.6, ACOX1, ACOX3",Fatty acid degradation_alpha-Linolenic acid metabolism_Biosynthesis of unsaturated fatty acids_Metabolic pathways_Biosynthesis of secondary metabolites_Fatty acid metabolism_PPAR signaling pathway_cAMP signaling pathway_Peroxisome_,ko00071_ko00592_ko01040_ko01100_ko01110_ko01212_ko03320_ko04024_ko04146_,0,0,0,0,1
K00239,0,0,0,"sdhA, frdA",Citrate cycle (TCA cycle)_Oxidative phosphorylation_Butanoate metabolism_Carbon fixation pathways in prokaryotes_Metabolic pathways_Biosynthesis of secondary metabolites_Microbial metabolism in diverse environments_Biosynthesis of antibiotics_Carbon metabolism_Legionellosis_,ko00020_ko00190_ko00650_ko00720_ko01100_ko01110_ko01120_ko01130_ko01200_ko05134_,0,1,1,0,0
K00240,0,0,0,"sdhB, frdB",Citrate cycle (TCA cycle)_Oxidative phosphorylation_Butanoate metabolism_Carbon fixation pathways in prokaryotes_Metabolic pathways_Biosynthesis of secondary metabolites_Microbial metabolism in diverse environments_Biosynthesis of antibiotics_Carbon metabolism_,ko00020_ko00190_ko00650_ko00720_ko01100_ko01110_ko01120_ko01130_ko01200_,0,1,1,0,0
K00241,0,0,0,"sdhC, frdC",Citrate cycle (TCA cycle)_Oxidative phosphorylation_Butanoate metabolism_Carbon fixation pathways in prokaryotes_Metabolic pathways_Biosynthesis of secondary metabolites_Microbial metabolism in diverse environments_Biosynthesis of antibiotics_Carbon metabolism_,ko00020_ko00190_ko00650_ko00720_ko01100_ko01110_ko01120_ko01130_ko01200_,0,1,1,0,0
K00242,0,0,0,"sdhD, frdD",Citrate cycle (TCA cycle)_Oxidative phosphorylation_Butanoate metabolism_Carbon fixation pathways in prokaryotes_Metabolic pathways_Biosynthesis of secondary metabolites_Microbial metabolism in diverse environments_Biosynthesis of antibiotics_Carbon metabolism_,ko00020_ko00190_ko00650_ko00720_ko01100_ko01110_ko01120_ko01130_ko01200_,0,1,1,0,0
K00243,0,0,0.06943171818352158,K00243,_,_,0,0,0,0,1
K00244,0,-0.03517775865967038,0,frdA,Citrate cycle (TCA cycle)_Oxidative phosphorylation_Pyruvate metabolism_Butanoate metabolism_Carbon fixation pathways in prokaryotes_Metabolic pathways_Biosynthesis of secondary metabolites_Microbial metabolism in diverse environments_Biosynthesis of antibiotics_Carbon metabolism_Two-component system_,ko00020_ko00190_ko00620_ko00650_ko00720_ko01100_ko01110_ko01120_ko01130_ko01200_ko02020_,0,1,1,0,0
K00245,0,0,0,frdB,Citrate cycle (TCA cycle)_Oxidative phosphorylation_Pyruvate metabolism_Butanoate metabolism_Carbon fixation pathways in prokaryotes_Metabolic pathways_Biosynthesis of secondary metabolites_Microbial metabolism in diverse environments_Biosynthesis of antibiotics_Carbon metabolism_Two-component system_,ko00020_ko00190_ko00620_ko00650_ko00720_ko01100_ko01110_ko01120_ko01130_ko01200_ko02020_,0,1,1,0,0
K00246,0,0,0,frdC,Citrate cycle (TCA cycle)_Oxidative phosphorylation_Pyruvate metabolism_Butanoate metabolism_Carbon fixation pathways in prokaryotes_Metabolic pathways_Biosynthesis of secondary metabolites_Microbial metabolism in diverse environments_Biosynthesis of antibiotics_Carbon metabolism_Two-component system_,ko00020_ko00190_ko00620_ko00650_ko00720_ko01100_ko01110_ko01120_ko01130_ko01200_ko02020_,0,1,1,0,0
K00247,0,0,0,frdD,Citrate cycle (TCA cycle)_Oxidative phosphorylation_Pyruvate metabolism_Butanoate metabolism_Carbon fixation pathways in prokaryotes_Metabolic pathways_Biosynthesis of secondary metabolites_Microbial metabolism in diverse environments_Biosynthesis of antibiotics_Carbon metabolism_Two-component system_,ko00020_ko00190_ko00620_ko00650_ko00720_ko01100_ko01110_ko01120_ko01130_ko01200_ko02020_,0,1,1,0,0
K00248,0,-2.7755575615628914e-17,0,"ACADS, bcd","Fatty acid degradation_Valine, leucine and isoleucine degradation_Butanoate metabolism_Metabolic pathways_Biosynthesis of secondary metabolites_Microbial metabolism in diverse environments_Carbon metabolism_Fatty acid metabolism_",ko00071_ko00280_ko00650_ko01100_ko01110_ko01120_ko01200_ko01212_,0,1,0,1,0
K00249,0,0,0,"ACADM, acd","Fatty acid degradation_Valine, leucine and isoleucine degradation_beta-Alanine metabolism_Propanoate metabolism_Metabolic pathways_Biosynthesis of secondary metabolites_Biosynthesis of antibiotics_Carbon metabolism_Fatty acid metabolism_PPAR signaling pathway_",ko00071_ko00280_ko00410_ko00640_ko01100_ko01110_ko01130_ko01200_ko01212_ko03320_,1,0,1,1,0
K00252,0,0,0,"GCDH, gcdH",Fatty acid degradation_Lysine degradation_Benzoate degradation_Tryptophan metabolism_Metabolic pathways_Microbial metabolism in diverse environments_Biosynthesis of antibiotics_,ko00071_ko00310_ko00362_ko00380_ko01100_ko01120_ko01130_,0,0,0,0,1
K00253,0,0,0,"IVD, ivd","Valine, leucine and isoleucine degradation_Metabolic pathways_",ko00280_ko01100_,0,0,0,1,0
K00255,0,0,0,ACADL,Fatty acid degradation_Metabolic pathways_Fatty acid metabolism_PPAR signaling pathway_,ko00071_ko01100_ko01212_ko03320_,0,0,0,0,1
K00257,0,0,0,"mbtN, fadE14",_,_,0,0,0,0,1
K00258,0,-0.008310813572464715,0.22333713282647197,NA,NA,NA,0,0,0,0,1
K00259,0,0,0,ald,"Alanine, aspartate and glutamate metabolism_Taurine and hypotaurine metabolism_Metabolic pathways_",ko00250_ko00430_ko01100_,0,0,1,0,0
K00260,0,0,0,"gudB, rocG","Arginine biosynthesis_Alanine, aspartate and glutamate metabolism_Taurine and hypotaurine metabolism_Nitrogen metabolism_Metabolic pathways_",ko00220_ko00250_ko00430_ko00910_ko01100_,0,0,1,0,0
K00261,0,0,0,"GLUD1_2, gdhA","Arginine biosynthesis_Alanine, aspartate and glutamate metabolism_D-Glutamine and D-glutamate metabolism_Nitrogen metabolism_Metabolic pathways_Carbon metabolism_Necroptosis_Proximal tubule bicarbonate reclamation_",ko00220_ko00250_ko00471_ko00910_ko01100_ko01200_ko04217_ko04964_,0,0,0,0,1
K00262,0,0,0.1196419707827855,"E1.4.1.4, gdhA","Arginine biosynthesis_Alanine, aspartate and glutamate metabolism_Nitrogen metabolism_Metabolic pathways_",ko00220_ko00250_ko00910_ko01100_,0,0,0,0,1
K00263,0,0,2.7755575615628914e-17,E1.4.1.9,"Valine, leucine and isoleucine degradation_Valine, leucine and isoleucine biosynthesis_Metabolic pathways_Biosynthesis of secondary metabolites_Biosynthesis of antibiotics_",ko00280_ko00290_ko01100_ko01110_ko01130_,0,0,0,1,0
K00265,0,0,0,gltB,"Alanine, aspartate and glutamate metabolism_Nitrogen metabolism_Metabolic pathways_Biosynthesis of secondary metabolites_Microbial metabolism in diverse environments_Biosynthesis of antibiotics_Biosynthesis of amino acids_",ko00250_ko00910_ko01100_ko01110_ko01120_ko01130_ko01230_,0,0,0,0,1
K00266,0,0,0,gltD,"Alanine, aspartate and glutamate metabolism_Nitrogen metabolism_Metabolic pathways_Biosynthesis of secondary metabolites_Microbial metabolism in diverse environments_Biosynthesis of antibiotics_Biosynthesis of amino acids_",ko00250_ko00910_ko01100_ko01110_ko01120_ko01130_ko01230_,0,0,0,0,1
K00270,0,0,0,pdh,"Tyrosine metabolism_Phenylalanine metabolism_Phenylalanine, tyrosine and tryptophan biosynthesis_Metabolic pathways_Biosynthesis of secondary metabolites_Biosynthesis of antibiotics_",ko00350_ko00360_ko00400_ko01100_ko01110_ko01130_,0,0,0,0,1
K00273,0,0,0,"DAO, aao","Glycine, serine and threonine metabolism_Penicillin and cephalosporin biosynthesis_Arginine and proline metabolism_D-Arginine and D-ornithine metabolism_Metabolic pathways_Biosynthesis of antibiotics_Peroxisome_",ko00260_ko00311_ko00330_ko00472_ko01100_ko01130_ko04146_,0,0,0,0,1
K00274,0,0,0,"MAO, aofH","Glycine, serine and threonine metabolism_Arginine and proline metabolism_Histidine metabolism_Tyrosine metabolism_Phenylalanine metabolism_Tryptophan metabolism_Isoquinoline alkaloid biosynthesis_Drug metabolism - cytochrome P450_Metabolic pathways_Biosynthesis of secondary metabolites_Serotonergic synapse_Dopaminergic synapse_Cocaine addiction_Amphetamine addiction_Alcoholism_",ko00260_ko00330_ko00340_ko00350_ko00360_ko00380_ko00950_ko00982_ko01100_ko01110_ko04726_ko04728_ko05030_ko05031_ko05034_,0,0,0,0,1
K00275,0,0,0,"pdxH, PNPO",Vitamin B6 metabolism_Metabolic pathways_Microbial metabolism in diverse environments_,ko00750_ko01100_ko01120_,0,0,0,0,1
K00276,0,0,0,"AOC3, AOC2, tynA","Glycine, serine and threonine metabolism_Tyrosine metabolism_Phenylalanine metabolism_beta-Alanine metabolism_Isoquinoline alkaloid biosynthesis_Tropane, piperidine and pyridine alkaloid biosynthesis_Metabolic pathways_Biosynthesis of secondary metabolites_",ko00260_ko00350_ko00360_ko00410_ko00950_ko00960_ko01100_ko01110_,0,0,0,0,1
K00278,0,0,0,nadB,"Alanine, aspartate and glutamate metabolism_Nicotinate and nicotinamide metabolism_Metabolic pathways_",ko00250_ko00760_ko01100_,0,0,0,0,1
K00281,0,0,0,"GLDC, gcvP","Glycine, serine and threonine metabolism_Glyoxylate and dicarboxylate metabolism_Metabolic pathways_Biosynthesis of secondary metabolites_Biosynthesis of antibiotics_Carbon metabolism_",ko00260_ko00630_ko01100_ko01110_ko01130_ko01200_,0,0,0,0,1
K00282,0,0,0,gcvPA,"Glycine, serine and threonine metabolism_Glyoxylate and dicarboxylate metabolism_Metabolic pathways_Biosynthesis of secondary metabolites_Biosynthesis of antibiotics_Carbon metabolism_",ko00260_ko00630_ko01100_ko01110_ko01130_ko01200_,0,0,0,0,1
K00283,0,0,0,gcvPB,"Glycine, serine and threonine metabolism_Glyoxylate and dicarboxylate metabolism_Metabolic pathways_Biosynthesis of secondary metabolites_Biosynthesis of antibiotics_Carbon metabolism_",ko00260_ko00630_ko01100_ko01110_ko01130_ko01200_,0,0,0,0,1
K00284,0,-0.15418217061344236,0.08254312205341123,E1.4.7.1,Glyoxylate and dicarboxylate metabolism_Nitrogen metabolism_Microbial metabolism in diverse environments_,ko00630_ko00910_ko01120_,0,0,0,0,1
K00285,0,0,0,dadA,Phenylalanine metabolism_,ko00360_,0,0,0,0,1
K00286,0,0,0,proC,Arginine and proline metabolism_Metabolic pathways_Biosynthesis of secondary metabolites_Biosynthesis of antibiotics_Biosynthesis of amino acids_,ko00330_ko01100_ko01110_ko01130_ko01230_,0,0,0,0,1
K00287,0,0,0,"DHFR, folA",One carbon pool by folate_Folate biosynthesis_Metabolic pathways_Antifolate resistance_,ko00670_ko00790_ko01100_ko01523_,0,0,0,0,1
K00290,0,-1.1102230246251565e-16,0,LYS1,Lysine biosynthesis_Lysine degradation_Metabolic pathways_Biosynthesis of secondary metabolites_Biosynthesis of antibiotics_Biosynthesis of amino acids_,ko00300_ko00310_ko01100_ko01110_ko01130_ko01230_,0,0,0,0,1
K00294,0,0,0,E1.2.1.88,"Alanine, aspartate and glutamate metabolism_Arginine and proline metabolism_Metabolic pathways_",ko00250_ko00330_ko01100_,0,0,0,0,1
K00297,0,0,0,"metF, MTHFR",One carbon pool by folate_Carbon fixation pathways in prokaryotes_Metabolic pathways_Microbial metabolism in diverse environments_Carbon metabolism_Antifolate resistance_,ko00670_ko00720_ko01100_ko01120_ko01200_ko01523_,0,0,1,0,0
K00299,0,0,0.13645505903706773,ssuE,Riboflavin metabolism_Sulfur metabolism_Metabolic pathways_,ko00740_ko00920_ko01100_,0,0,1,0,0
K00300,0,0,0,NA,NA,NA,0,0,0,0,1
K00301,0,0,0,E1.5.3.1,"Glycine, serine and threonine metabolism_Metabolic pathways_",ko00260_ko01100_,0,0,0,0,1
K00302,0,-4.269590131866785e-5,0,soxA,"Glycine, serine and threonine metabolism_Metabolic pathways_",ko00260_ko01100_,0,0,0,0,1
K00303,0,-0.009737055354076235,0,soxB,"Glycine, serine and threonine metabolism_Metabolic pathways_",ko00260_ko01100_,0,0,0,0,1
K00304,0,0,0,soxD,"Glycine, serine and threonine metabolism_Metabolic pathways_",ko00260_ko01100_,0,0,0,0,1
K00305,0,0,0,soxG,"Glycine, serine and threonine metabolism_Metabolic pathways_",ko00260_ko01100_,0,0,0,0,1
K00309,0,-0.07896209732149759,0,NA,NA,NA,0,0,0,0,1
K00311,0,0,0,ETFDH,_,_,0,0,0,0,1
K00313,0,-0.1704580816238736,0.24090659103674722,fixC,_,_,0,0,0,0,1
K00314,0,0,0,SARDH,"Glycine, serine and threonine metabolism_Metabolic pathways_",ko00260_ko01100_,0,0,0,0,1
K00315,0,0,0,DMGDH,"Glycine, serine and threonine metabolism_Metabolic pathways_",ko00260_ko01100_,0,0,0,0,1
K00316,0,0,0,spdH,Arginine and proline metabolism_beta-Alanine metabolism_Metabolic pathways_,ko00330_ko00410_ko01100_,0,0,0,0,1
K00317,0,0,0,dmd-tmd,Methane metabolism_Microbial metabolism in diverse environments_Carbon metabolism_,ko00680_ko01120_ko01200_,0,0,1,0,0
K00318,0,0,0,PRODH,Arginine and proline metabolism_Metabolic pathways_Biosynthesis of secondary metabolites_Biosynthesis of antibiotics_,ko00330_ko01100_ko01110_ko01130_,0,0,0,0,1
K00320,0,0,0,mer,Methane metabolism_Metabolic pathways_Microbial metabolism in diverse environments_Carbon metabolism_,ko00680_ko01100_ko01120_ko01200_,0,0,1,0,0
K00322,0,0,0,"sthA, udhA",Nicotinate and nicotinamide metabolism_Metabolic pathways_,ko00760_ko01100_,0,0,0,0,1
K00324,0,0,0,pntA,Nicotinate and nicotinamide metabolism_Metabolic pathways_,ko00760_ko01100_,0,0,0,0,1
K00325,0,0,0,pntB,Nicotinate and nicotinamide metabolism_Metabolic pathways_,ko00760_ko01100_,0,0,0,0,1
K00329,0,-0.014546935155352013,0,E1.6.5.3,Oxidative phosphorylation_,ko00190_,0,0,0,0,1
K00330,0,0,0,nuoA,Oxidative phosphorylation_Metabolic pathways_,ko00190_ko01100_,0,0,0,0,1
K00331,0,0,0,nuoB,Oxidative phosphorylation_Metabolic pathways_,ko00190_ko01100_,0,0,0,0,1
K00332,0,0,0,nuoC,Oxidative phosphorylation_Metabolic pathways_,ko00190_ko01100_,0,0,0,0,1
K00333,0,0,0,nuoD,Oxidative phosphorylation_Metabolic pathways_,ko00190_ko01100_,0,0,0,0,1
K00334,0,0,0,nuoE,Oxidative phosphorylation_Metabolic pathways_,ko00190_ko01100_,0,0,0,0,1
K00335,0,-0.01863478277652883,0,nuoF,Oxidative phosphorylation_Metabolic pathways_,ko00190_ko01100_,0,0,0,0,1
K00336,0,0,0,nuoG,Oxidative phosphorylation_Metabolic pathways_,ko00190_ko01100_,0,0,0,0,1
K00337,0,0,0,nuoH,Oxidative phosphorylation_Metabolic pathways_,ko00190_ko01100_,0,0,0,0,1
K00338,0,0,0,nuoI,Oxidative phosphorylation_Metabolic pathways_,ko00190_ko01100_,0,0,0,0,1
K00339,0,0,2.7755575615628914e-17,nuoJ,Oxidative phosphorylation_Metabolic pathways_,ko00190_ko01100_,0,0,0,0,1
K00340,0,0,0,nuoK,Oxidative phosphorylation_Metabolic pathways_,ko00190_ko01100_,0,0,0,0,1
K00341,0,0,0,nuoL,Oxidative phosphorylation_Metabolic pathways_,ko00190_ko01100_,0,0,0,0,1
K00342,0,0,0,nuoM,Oxidative phosphorylation_Metabolic pathways_,ko00190_ko01100_,0,0,0,0,1
K00343,0,0,0,nuoN,Oxidative phosphorylation_Metabolic pathways_,ko00190_ko01100_,0,0,0,0,1
K00344,0,0,0,"qor, CRYZ",_,_,0,0,0,0,1
K00355,0,0,0,NQO1,Ubiquinone and other terpenoid-quinone biosynthesis_Biosynthesis of secondary metabolites_Pathways in cancer_Hepatocellular carcinoma_Fluid shear stress and atherosclerosis_,ko00130_ko01110_ko05200_ko05225_ko05418_,0,0,0,0,1
K00356,0,0,1.1102230246251565e-16,E1.6.99.3,Oxidative phosphorylation_,ko00190_,0,0,0,0,1
K00358,0,0,2.7755575615628914e-17,NA,NA,NA,0,0,0,0,1
K00359,0,0,0,NA,NA,NA,0,0,0,0,1
K00362,0,0,0,nirB,Nitrogen metabolism_Microbial metabolism in diverse environments_,ko00910_ko01120_,0,0,0,0,1
K00363,0,0,0,nirD,Nitrogen metabolism_Microbial metabolism in diverse environments_,ko00910_ko01120_,0,0,0,0,1
K00364,0,-0.039850344251950276,0,"E1.7.1.7, guaC",Purine metabolism_,ko00230_,0,0,0,0,1
K00365,0,0,0.026482186013014303,uaZ,Purine metabolism_Caffeine metabolism_Metabolic pathways_Microbial metabolism in diverse environments_,ko00230_ko00232_ko01100_ko01120_,0,0,0,0,1
K00366,0,-0.0031147618951996303,0,nirA,Nitrogen metabolism_Microbial metabolism in diverse environments_,ko00910_ko01120_,0,0,0,0,1
K00367,0,0,0,narB,Nitrogen metabolism_Microbial metabolism in diverse environments_,ko00910_ko01120_,0,0,0,0,1
K00368,0,0,0,nirK,Nitrogen metabolism_Microbial metabolism in diverse environments_,ko00910_ko01120_,0,0,0,0,1
K00369,0,0,0,NA,NA,NA,0,0,0,0,1
K00370,0,0,0,"narG, narZ, nxrA",Nitrogen metabolism_Microbial metabolism in diverse environments_Two-component system_,ko00910_ko01120_ko02020_,0,0,0,0,1
K00371,0,0,0,"narH, narY, nxrB",Nitrogen metabolism_Microbial metabolism in diverse environments_Two-component system_,ko00910_ko01120_ko02020_,0,0,0,0,1
K00372,0,0,0,nasA,Nitrogen metabolism_Microbial metabolism in diverse environments_,ko00910_ko01120_,0,0,0,0,1
K00373,0,0,0,"narJ, narW",Two-component system_,ko02020_,0,0,0,0,1
K00374,0,0,0,"narI, narV",Nitrogen metabolism_Microbial metabolism in diverse environments_Two-component system_,ko00910_ko01120_ko02020_,0,0,0,0,1
K00375,0,0,0,K00375,_,_,0,0,0,0,1
K00376,0,0,0,nosZ,Nitrogen metabolism_Microbial metabolism in diverse environments_,ko00910_ko01120_,0,0,0,0,1
K00378,0,-0.5005007512521914,0.25415099621641163,NA,NA,NA,0,0,0,0,1
K00380,0,0,0,cysJ,Sulfur metabolism_Metabolic pathways_Microbial metabolism in diverse environments_,ko00920_ko01100_ko01120_,0,0,1,0,0
K00381,0,0,0,cysI,Sulfur metabolism_Metabolic pathways_Microbial metabolism in diverse environments_,ko00920_ko01100_ko01120_,0,0,1,0,0
K00382,0,0,0,"DLD, lpd, pdhD","Glycolysis / Gluconeogenesis_Citrate cycle (TCA cycle)_Glycine, serine and threonine metabolism_Valine, leucine and isoleucine degradation_Pyruvate metabolism_Glyoxylate and dicarboxylate metabolism_Propanoate metabolism_Metabolic pathways_Biosynthesis of secondary metabolites_Microbial metabolism in diverse environments_Biosynthesis of antibiotics_Carbon metabolism_",ko00010_ko00020_ko00260_ko00280_ko00620_ko00630_ko00640_ko01100_ko01110_ko01120_ko01130_ko01200_,1,0,1,1,0
K00383,0,0,0,"GSR, gor",Glutathione metabolism_Thyroid hormone synthesis_,ko00480_ko04918_,0,0,0,0,1
K00384,0,0,0,"trxB, TRR",Selenocompound metabolism_,ko00450_,0,0,0,0,1
K00387,0,-0.2416281928540105,1.1102230246251565e-16,SUOX,Sulfur metabolism_Metabolic pathways_Microbial metabolism in diverse environments_,ko00920_ko01100_ko01120_,0,0,1,0,0
K00389,0,0,0,yidH,_,_,0,0,0,0,1
K00390,0,0,0,cysH,Sulfur metabolism_Metabolic pathways_Microbial metabolism in diverse environments_,ko00920_ko01100_ko01120_,0,0,1,0,0
K00392,0,0,0,sir,Sulfur metabolism_Metabolic pathways_Microbial metabolism in diverse environments_,ko00920_ko01100_ko01120_,0,0,1,0,0
K00394,0,-0.35845255207477733,0.24236718550917868,aprA,Sulfur metabolism_Metabolic pathways_Microbial metabolism in diverse environments_,ko00920_ko01100_ko01120_,0,0,1,0,0
K00395,0,0,0,aprB,Sulfur metabolism_Metabolic pathways_Microbial metabolism in diverse environments_,ko00920_ko01100_ko01120_,0,0,1,0,0
K00404,0,0,0,ccoN,Oxidative phosphorylation_Metabolic pathways_Two-component system_,ko00190_ko01100_ko02020_,0,0,0,0,1
K00405,0,0,0,ccoO,Oxidative phosphorylation_Metabolic pathways_Two-component system_,ko00190_ko01100_ko02020_,0,0,0,0,1
K00406,0,0,0,ccoP,Oxidative phosphorylation_Metabolic pathways_Two-component system_,ko00190_ko01100_ko02020_,0,0,0,0,1
K00407,0,0,0,ccoQ,Oxidative phosphorylation_Metabolic pathways_Two-component system_,ko00190_ko01100_ko02020_,0,0,0,0,1
K00411,0,0,0,"UQCRFS1, RIP1, petA",Oxidative phosphorylation_Metabolic pathways_Two-component system_Cardiac muscle contraction_Non-alcoholic fatty liver disease (NAFLD)_Alzheimer's disease_Parkinson's disease_Huntington's disease_,ko00190_ko01100_ko02020_ko04260_ko04932_ko05010_ko05012_ko05016_,0,0,0,0,1
K00412,0,0,0,"CYTB, petB",Oxidative phosphorylation_Metabolic pathways_Two-component system_Cardiac muscle contraction_Non-alcoholic fatty liver disease (NAFLD)_Alzheimer's disease_Parkinson's disease_Huntington's disease_,ko00190_ko01100_ko02020_ko04260_ko04932_ko05010_ko05012_ko05016_,0,0,0,0,1
K00413,0,0,0,"CYC1, CYT1, petC",Oxidative phosphorylation_Metabolic pathways_Two-component system_Cardiac muscle contraction_Non-alcoholic fatty liver disease (NAFLD)_Alzheimer's disease_Parkinson's disease_Huntington's disease_,ko00190_ko01100_ko02020_ko04260_ko04932_ko05010_ko05012_ko05016_,0,0,0,0,1
K00423,0,0,0,E1.10.3.3,Ascorbate and aldarate metabolism_Metabolic pathways_,ko00053_ko01100_,0,0,0,0,1
K00425,0,-0.036094880486179357,0,cydA,Oxidative phosphorylation_Metabolic pathways_Two-component system_,ko00190_ko01100_ko02020_,0,0,0,0,1
K00426,0,0,2.7755575615628914e-17,cydB,Oxidative phosphorylation_Metabolic pathways_Two-component system_,ko00190_ko01100_ko02020_,0,0,0,0,1
K00428,0,0,0,E1.11.1.5,_,_,0,0,0,0,1
K00429,0,0,0,NA,NA,NA,0,0,0,0,1
K00432,0,0,0,gpx,Glutathione metabolism_Arachidonic acid metabolism_Thyroid hormone synthesis_,ko00480_ko00590_ko04918_,0,0,0,0,1
K00433,0,0,0,cpo,_,_,0,0,0,0,1
K00435,0,0,0,hemQ,Porphyrin and chlorophyll metabolism_Metabolic pathways_Biosynthesis of secondary metabolites_,ko00860_ko01100_ko01110_,0,0,0,0,1
K00436,0,0,0,hoxH,_,_,0,0,0,0,1
K00437,0,-0.28040985300041843,0.20357891835778014,hydB,_,_,0,0,0,0,1
K00441,0,-0.004136255595389132,0.014457880079040586,frhB,Methane metabolism_Metabolic pathways_Microbial metabolism in diverse environments_,ko00680_ko01100_ko01120_,0,0,1,0,0
K00442,0,0,0,frhD,Methane metabolism_Metabolic pathways_Microbial metabolism in diverse environments_,ko00680_ko01100_ko01120_,0,0,1,0,0
K00446,0,0,0,"dmpB, xylE",Chlorocyclohexane and chlorobenzene degradation_Benzoate degradation_Xylene degradation_Styrene degradation_Metabolic pathways_Microbial metabolism in diverse environments_Degradation of aromatic compounds_,ko00361_ko00362_ko00622_ko00643_ko01100_ko01120_ko01220_,0,0,0,0,1
K00448,0,0,0,pcaG,Benzoate degradation_Polycyclic aromatic hydrocarbon degradation_Metabolic pathways_Microbial metabolism in diverse environments_Degradation of aromatic compounds_,ko00362_ko00624_ko01100_ko01120_ko01220_,0,0,0,0,1
K00449,0,0,0,pcaH,Benzoate degradation_Polycyclic aromatic hydrocarbon degradation_Metabolic pathways_Microbial metabolism in diverse environments_Degradation of aromatic compounds_,ko00362_ko00624_ko01100_ko01120_ko01220_,0,0,0,0,1
K00450,0,0,0,E1.13.11.4,Tyrosine metabolism_Metabolic pathways_Microbial metabolism in diverse environments_,ko00350_ko01100_ko01120_,0,0,0,0,1
K00451,0,0,0,"HGD, hmgA",Tyrosine metabolism_Styrene degradation_Metabolic pathways_Microbial metabolism in diverse environments_,ko00350_ko00643_ko01100_ko01120_,0,0,0,0,1
K00452,0,0,0,HAAO,Tryptophan metabolism_Metabolic pathways_,ko00380_ko01100_,0,0,0,0,1
K00453,0,0,0,"TDO2, kynA",Tryptophan metabolism_Metabolic pathways_,ko00380_ko01100_,0,0,0,0,1
K00455,0,-0.01643821294166257,0,"hpaD, hpcB",Tyrosine metabolism_Microbial metabolism in diverse environments_Degradation of aromatic compounds_,ko00350_ko01120_ko01220_,0,0,0,0,1
K00457,0,0,0,"HPD, hppD",Ubiquinone and other terpenoid-quinone biosynthesis_Tyrosine metabolism_Phenylalanine metabolism_Metabolic pathways_,ko00130_ko00350_ko00360_ko01100_,0,0,0,0,1
K00459,0,0,0.009002750076676863,"ncd2, npd",Nitrogen metabolism_,ko00910_,0,0,0,0,1
K00462,0,0,0,bphC,Chlorocyclohexane and chlorobenzene degradation_Dioxin degradation_Metabolic pathways_Microbial metabolism in diverse environments_Degradation of aromatic compounds_,ko00361_ko00621_ko01100_ko01120_ko01220_,0,0,0,0,1
K00464,0,0,0,diox1,_,_,0,0,0,0,1
K00466,0,0,0,iaaM,Tryptophan metabolism_,ko00380_,0,0,0,0,1
K00467,0,0,0,E1.13.12.4,Pyruvate metabolism_,ko00620_,0,0,1,0,0
K00469,0,0,0,MIOX,Ascorbate and aldarate metabolism_Inositol phosphate metabolism_,ko00053_ko00562_,0,0,0,0,1
K00470,0,0,0.00441201426843246,NA,NA,NA,0,0,0,0,1
K00471,0,0,0,E1.14.11.1,Lysine degradation_,ko00310_,0,0,0,0,1
K00472,0,0,0,P4HA,Arginine and proline metabolism_Metabolic pathways_,ko00330_ko01100_,0,0,0,0,1
K00476,0,0,0,ASPH,_,_,0,0,0,0,1
K00477,0,0,0,PHYH,Peroxisome_,ko04146_,0,0,0,0,1
K00479,0,0,0,gbcA,_,_,0,0,0,0,1
K00480,0,0,0,E1.14.13.1,Dioxin degradation_Polycyclic aromatic hydrocarbon degradation_Naphthalene degradation_Metabolic pathways_Microbial metabolism in diverse environments_Degradation of aromatic compounds_,ko00621_ko00624_ko00626_ko01100_ko01120_ko01220_,0,0,0,0,1
K00481,0,0,0,pobA,Benzoate degradation_Metabolic pathways_Microbial metabolism in diverse environments_Degradation of aromatic compounds_,ko00362_ko01100_ko01120_ko01220_,0,0,0,0,1
K00483,0,0,0,hpaB,Tyrosine metabolism_Microbial metabolism in diverse environments_Degradation of aromatic compounds_,ko00350_ko01120_ko01220_,0,0,0,0,1
K00484,0,0,0,hpaC,Tyrosine metabolism_Riboflavin metabolism_Metabolic pathways_Microbial metabolism in diverse environments_Degradation of aromatic compounds_,ko00350_ko00740_ko01100_ko01120_ko01220_,0,0,0,0,1
K00485,0,0,0,FMO,Drug metabolism - cytochrome P450_Microbial metabolism in diverse environments_,ko00982_ko01120_,0,0,0,0,1
K00486,0,0,0,KMO,Tryptophan metabolism_Metabolic pathways_,ko00380_ko01100_,0,0,0,0,1
K00491,0,0,0,nos,Arginine biosynthesis_Arginine and proline metabolism_Metabolic pathways_Biosynthesis of secondary metabolites_,ko00220_ko00330_ko01100_ko01110_,0,0,0,0,1
K00492,0,0,0,NA,NA,NA,0,0,0,0,1
K00493,0,0,0,E1.14.14.1,Fatty acid degradation_Tryptophan metabolism_Aminobenzoate degradation_Microbial metabolism in diverse environments_,ko00071_ko00380_ko00627_ko01120_,0,0,0,0,1
K00494,0,0,0,luxA,Two-component system_Quorum sensing_,ko02020_ko02024_,0,0,0,0,1
K00495,0,0,0,CYP71AN24,Cyanoamino acid metabolism_Biosynthesis of secondary metabolites_,ko00460_ko01110_,0,0,0,0,1
K00496,0,0,0,"alkB1_2, alkM",Fatty acid degradation_Caprolactam degradation_,ko00071_ko00930_,0,0,0,0,1
K00499,0,0,0,CMO,"Glycine, serine and threonine metabolism_",ko00260_,0,0,0,0,1
K00500,0,0,0,"phhA, PAH","Phenylalanine metabolism_Phenylalanine, tyrosine and tryptophan biosynthesis_Folate biosynthesis_Metabolic pathways_Biosynthesis of amino acids_",ko00360_ko00400_ko00790_ko01100_ko01230_,0,0,0,0,1
K00505,0,0,0,TYR,Tyrosine metabolism_Isoquinoline alkaloid biosynthesis_Betalain biosynthesis_Metabolic pathways_Biosynthesis of secondary metabolites_Melanogenesis_,ko00350_ko00950_ko00965_ko01100_ko01110_ko04916_,0,0,0,0,1
K00507,0,0,0,"SCD, desC",Biosynthesis of unsaturated fatty acids_Fatty acid metabolism_PPAR signaling pathway_AMPK signaling pathway_Longevity regulating pathway - worm_,ko01040_ko01212_ko03320_ko04152_ko04212_,0,0,0,0,1
K00508,0,0,0,E1.14.19.3,Linoleic acid metabolism_Metabolic pathways_,ko00591_ko01100_,0,0,0,0,1
K00510,0,0,0,HMOX1,Porphyrin and chlorophyll metabolism_Metabolic pathways_Biosynthesis of secondary metabolites_HIF-1 signaling pathway_Ferroptosis_Mineral absorption_Pathways in cancer_MicroRNAs in cancer_Hepatocellular carcinoma_Fluid shear stress and atherosclerosis_,ko00860_ko01100_ko01110_ko04066_ko04216_ko04978_ko05200_ko05206_ko05225_ko05418_,0,0,0,0,1
K00514,0,0,0,"ZDS, crtQ",Carotenoid biosynthesis_Metabolic pathways_Biosynthesis of secondary metabolites_,ko00906_ko01100_ko01110_,0,0,0,0,1
K00517,0,0,0,CYP81F,_,_,0,0,0,0,1
K00518,0,0,0,sodN,_,_,0,0,0,0,1
K00520,0,0,0,merA,_,_,0,0,0,0,1
K00523,0,0,0,"ascD, ddhD, rfbI",Amino sugar and nucleotide sugar metabolism_,ko00520_,0,0,0,0,1
K00524,0,0,0,nrdJ,Purine metabolism_Pyrimidine metabolism_Metabolic pathways_,ko00230_ko00240_ko01100_,0,0,0,0,1
K00525,0,0,0,"E1.17.4.1A, nrdA, nrdE",Purine metabolism_Pyrimidine metabolism_Metabolic pathways_,ko00230_ko00240_ko01100_,0,0,0,0,1
K00526,0,0,0,"E1.17.4.1B, nrdB, nrdF",Purine metabolism_Pyrimidine metabolism_Metabolic pathways_,ko00230_ko00240_ko01100_,0,0,0,0,1
K00527,0,-0.28341018044626703,0.17567840685275682,rtpR,Purine metabolism_Pyrimidine metabolism_Metabolic pathways_,ko00230_ko00240_ko01100_,0,0,0,0,1
K00528,0,0,0,fpr,_,_,0,0,0,0,1
K00529,0,0,0,hcaD,Fatty acid degradation_Phenylalanine metabolism_Microbial metabolism in diverse environments_Degradation of aromatic compounds_,ko00071_ko00360_ko01120_ko01220_,0,0,0,0,1
K00535,0,0,0,NA,NA,NA,0,0,0,0,1
K00537,0,0,0,"ARSC1, arsC",_,_,0,0,0,0,1
K00538,0,-0.10319622530038965,0.058092213240933555,NA,NA,NA,0,0,0,0,1
K00540,0,0,0,NA,NA,NA,0,0,0,0,1
K00544,0,0,0,BHMT,"Glycine, serine and threonine metabolism_Cysteine and methionine metabolism_Metabolic pathways_",ko00260_ko00270_ko01100_,0,0,0,0,1
K00547,0,0,0,"mmuM, BHMT2",Cysteine and methionine metabolism_Metabolic pathways_Biosynthesis of secondary metabolites_,ko00270_ko01100_ko01110_,0,0,0,0,1
K00548,0,0,0,"metH, MTR",Cysteine and methionine metabolism_Selenocompound metabolism_One carbon pool by folate_Metabolic pathways_Biosynthesis of secondary metabolites_Biosynthesis of amino acids_,ko00270_ko00450_ko00670_ko01100_ko01110_ko01230_,0,0,0,0,1
K00549,0,0,0,metE,Cysteine and methionine metabolism_Selenocompound metabolism_Metabolic pathways_Biosynthesis of secondary metabolites_Biosynthesis of amino acids_,ko00270_ko00450_ko01100_ko01110_ko01230_,0,0,0,0,1
K00551,0,0,0,PEMT,Glycerophospholipid metabolism_Metabolic pathways_Biosynthesis of secondary metabolites_,ko00564_ko01100_ko01110_,0,0,0,0,1
K00554,0,0,0,trmD,_,_,0,0,0,0,1
K00555,0,0,0,"TRMT1, trm1",_,_,0,0,0,0,1
K00556,0,0,0,trmH,_,_,0,0,0,0,1
K00557,0,0,0,trmA,_,_,0,0,0,0,1
K00558,0,0,0,"DNMT1, dcm",Cysteine and methionine metabolism_Metabolic pathways_MicroRNAs in cancer_,ko00270_ko01100_ko05206_,0,0,0,0,1
K00560,0,0,0,"thyA, TYMS",Pyrimidine metabolism_One carbon pool by folate_Metabolic pathways_Antifolate resistance_,ko00240_ko00670_ko01100_ko01523_,0,0,0,0,1
K00561,0,0,0,"ermC, ermA",_,_,0,0,0,0,1
K00563,0,-1.1102230246251565e-16,0.15862044468187034,rlmA1,_,_,0,0,0,0,1
K00564,0,0,0,rsmC,_,_,0,0,0,0,1
K00566,0,0,0,"mnmA, trmU",Sulfur relay system_,ko04122_,0,0,0,0,1
K00567,0,0,0,"ogt, MGMT",_,_,0,0,0,0,1
K00568,0,0,0,ubiG,Ubiquinone and other terpenoid-quinone biosynthesis_Metabolic pathways_Biosynthesis of secondary metabolites_,ko00130_ko01100_ko01110_,0,0,0,0,1
K00569,0,-0.03232135716358216,2.7755575615628914e-17,"TPMT, tpmT",Drug metabolism - other enzymes_,ko00983_,0,0,0,0,1
K00570,0,0,0,pmtA,Glycerophospholipid metabolism_Metabolic pathways_Biosynthesis of secondary metabolites_,ko00564_ko01100_ko01110_,0,0,0,0,1
K00571,0,0,2.7755575615628914e-17,E2.1.1.72,_,_,0,0,0,0,1
K00573,0,0,0,"E2.1.1.77, pcm",_,_,0,0,0,0,1
K00574,0,0,0,cfa,_,_,0,0,0,0,1
K00575,0,-2.7755575615628914e-17,0,cheR,Two-component system_Bacterial chemotaxis_,ko02020_ko02030_,0,0,0,0,1
K00587,0,0,0,"ICMT, STE14",Terpenoid backbone biosynthesis_Biosynthesis of antibiotics_,ko00900_ko01130_,0,0,0,0,1
K00588,0,0,0,E2.1.1.104,"Phenylalanine metabolism_Phenylpropanoid biosynthesis_Flavonoid biosynthesis_Stilbenoid, diarylheptanoid and gingerol biosynthesis_Metabolic pathways_Biosynthesis of secondary metabolites_",ko00360_ko00940_ko00941_ko00945_ko01100_ko01110_,0,0,0,0,1
K00590,0,0,0.2802019545434264,E2.1.1.113,_,_,0,0,0,0,1
K00594,0,0,0,"xyoA, aldO",Pentose and glucuronate interconversions_Fructose and mannose metabolism_Metabolic pathways_,ko00040_ko00051_ko01100_,0,0,0,0,1
K00595,0,-0.07146967631101223,0,cobL,Porphyrin and chlorophyll metabolism_Metabolic pathways_,ko00860_ko01100_,0,0,0,0,1
K00596,0,0,0,E4.1.1.64,_,_,0,0,0,0,1
K00598,0,0,0,tam,_,_,0,0,0,0,1
K00599,0,0,0.06350909005249367,METTL6,_,_,0,0,0,0,1
K00600,0,0,0,"glyA, SHMT","Glycine, serine and threonine metabolism_Cyanoamino acid metabolism_Glyoxylate and dicarboxylate metabolism_One carbon pool by folate_Methane metabolism_Metabolic pathways_Biosynthesis of secondary metabolites_Microbial metabolism in diverse environments_Biosynthesis of antibiotics_Carbon metabolism_Biosynthesis of amino acids_Antifolate resistance_",ko00260_ko00460_ko00630_ko00670_ko00680_ko01100_ko01110_ko01120_ko01130_ko01200_ko01230_ko01523_,0,0,1,0,0
K00602,0,0,0,purH,Purine metabolism_One carbon pool by folate_Metabolic pathways_Biosynthesis of secondary metabolites_Biosynthesis of antibiotics_Antifolate resistance_,ko00230_ko00670_ko01100_ko01110_ko01130_ko01523_,0,0,0,0,1
K00603,0,0,0,fctD,Histidine metabolism_One carbon pool by folate_Metabolic pathways_,ko00340_ko00670_ko01100_,0,0,0,0,1
K00604,0,0,0,"MTFMT, fmt",One carbon pool by folate_Aminoacyl-tRNA biosynthesis_,ko00670_ko00970_,0,0,0,0,1
K00605,0,0,0,"gcvT, AMT","Glycine, serine and threonine metabolism_Glyoxylate and dicarboxylate metabolism_One carbon pool by folate_Metabolic pathways_Biosynthesis of secondary metabolites_Biosynthesis of antibiotics_Carbon metabolism_",ko00260_ko00630_ko00670_ko01100_ko01110_ko01130_ko01200_,0,0,0,0,1
K00606,0,0,0,panB,Pantothenate and CoA biosynthesis_Metabolic pathways_Biosynthesis of secondary metabolites_,ko00770_ko01100_ko01110_,0,0,0,0,1
K00607,0,0,0,NA,NA,NA,0,0,0,0,1
K00609,0,0,0,"pyrB, PYR2","Pyrimidine metabolism_Alanine, aspartate and glutamate metabolism_Metabolic pathways_",ko00240_ko00250_ko01100_,0,0,0,0,1
K00611,0,0,0,"OTC, argF, argI",Arginine biosynthesis_Metabolic pathways_Biosynthesis of secondary metabolites_Biosynthesis of antibiotics_Biosynthesis of amino acids_,ko00220_ko01100_ko01110_ko01130_ko01230_,0,0,0,0,1
K00612,0,0,0,E2.1.3.-,_,_,0,0,0,0,1
K00614,0,0,0.06202173198497786,NA,NA,NA,0,0,0,0,1
K00615,0,0,0,"E2.2.1.1, tktA, tktB",Pentose phosphate pathway_Carbon fixation in photosynthetic organisms_Biosynthesis of ansamycins_Metabolic pathways_Biosynthesis of secondary metabolites_Microbial metabolism in diverse environments_Biosynthesis of antibiotics_Carbon metabolism_Biosynthesis of amino acids_,ko00030_ko00710_ko01051_ko01100_ko01110_ko01120_ko01130_ko01200_ko01230_,0,0,0,0,1
K00616,0,0,0,"E2.2.1.2, talA, talB",Pentose phosphate pathway_Metabolic pathways_Biosynthesis of secondary metabolites_Microbial metabolism in diverse environments_Biosynthesis of antibiotics_Carbon metabolism_Biosynthesis of amino acids_,ko00030_ko01100_ko01110_ko01120_ko01130_ko01200_ko01230_,0,0,0,0,1
K00619,0,0,0,argA,Arginine biosynthesis_Metabolic pathways_Biosynthesis of secondary metabolites_Biosynthesis of antibiotics_2-Oxocarboxylic acid metabolism_Biosynthesis of amino acids_,ko00220_ko01100_ko01110_ko01130_ko01210_ko01230_,0,0,0,0,1
K00620,0,0,0,argJ,Arginine biosynthesis_Metabolic pathways_Biosynthesis of secondary metabolites_Biosynthesis of antibiotics_2-Oxocarboxylic acid metabolism_Biosynthesis of amino acids_,ko00220_ko01100_ko01110_ko01130_ko01210_ko01230_,0,0,0,0,1
K00622,0,0,0,nat,Caffeine metabolism_Nitrotoluene degradation_Drug metabolism - other enzymes_Metabolic pathways_Biosynthesis of secondary metabolites_Microbial metabolism in diverse environments_Chemical carcinogenesis_,ko00232_ko00633_ko00983_ko01100_ko01110_ko01120_ko05204_,0,0,0,0,1
K00624,0,0,0,E2.3.1.7,Peroxisome_,ko04146_,0,0,0,0,1
K00625,0,0,0.0681146920345595,"E2.3.1.8, pta",Taurine and hypotaurine metabolism_Pyruvate metabolism_Propanoate metabolism_Methane metabolism_Carbon fixation pathways in prokaryotes_Metabolic pathways_Microbial metabolism in diverse environments_Carbon metabolism_,ko00430_ko00620_ko00640_ko00680_ko00720_ko01100_ko01120_ko01200_,1,0,1,0,0
K00626,0,0,0,"E2.3.1.9, atoB","Fatty acid degradation_Synthesis and degradation of ketone bodies_Valine, leucine and isoleucine degradation_Lysine degradation_Benzoate degradation_Tryptophan metabolism_Pyruvate metabolism_Glyoxylate and dicarboxylate metabolism_Propanoate metabolism_Butanoate metabolism_Carbon fixation pathways in prokaryotes_Terpenoid backbone biosynthesis_Metabolic pathways_Biosynthesis of secondary metabolites_Microbial metabolism in diverse environments_Biosynthesis of antibiotics_Carbon metabolism_Fatty acid metabolism_Two-component system_",ko00071_ko00072_ko00280_ko00310_ko00362_ko00380_ko00620_ko00630_ko00640_ko00650_ko00720_ko00900_ko01100_ko01110_ko01120_ko01130_ko01200_ko01212_ko02020_,1,1,1,1,0
K00627,0,0,0,"DLAT, aceF, pdhC",Glycolysis / Gluconeogenesis_Citrate cycle (TCA cycle)_Pyruvate metabolism_Metabolic pathways_Biosynthesis of secondary metabolites_Microbial metabolism in diverse environments_Biosynthesis of antibiotics_Carbon metabolism_,ko00010_ko00020_ko00620_ko01100_ko01110_ko01120_ko01130_ko01200_,0,0,1,0,0
K00631,0,0,0,plsB,Glycerolipid metabolism_Glycerophospholipid metabolism_Metabolic pathways_Biosynthesis of secondary metabolites_,ko00561_ko00564_ko01100_ko01110_,0,0,0,0,1
K00632,0,0,0,"fadA, fadI","Fatty acid degradation_Valine, leucine and isoleucine degradation_Geraniol degradation_Benzoate degradation_alpha-Linolenic acid metabolism_Ethylbenzene degradation_Metabolic pathways_Biosynthesis of secondary metabolites_Microbial metabolism in diverse environments_Biosynthesis of antibiotics_Fatty acid metabolism_",ko00071_ko00280_ko00281_ko00362_ko00592_ko00642_ko01100_ko01110_ko01120_ko01130_ko01212_,0,0,0,1,0
K00633,0,0,0.11590719774028185,lacA,_,_,0,0,0,0,1
K00634,0,-0.20551676921946538,0.3514995067306331,ptb,Butanoate metabolism_Metabolic pathways_,ko00650_ko01100_,0,1,0,0,0
K00638,0,0,0.030519004541116584,catB,_,_,0,0,0,0,1
K00639,0,0,0,"kbl, GCAT","Glycine, serine and threonine metabolism_",ko00260_,0,0,0,0,1
K00640,0,0,0,cysE,Cysteine and methionine metabolism_Sulfur metabolism_Metabolic pathways_Biosynthesis of secondary metabolites_Microbial metabolism in diverse environments_Carbon metabolism_Biosynthesis of amino acids_Biofilm formation - Vibrio cholerae_,ko00270_ko00920_ko01100_ko01110_ko01120_ko01200_ko01230_ko05111_,0,0,1,0,0
K00641,0,0,1.1102230246251565e-16,metX,Cysteine and methionine metabolism_Metabolic pathways_Biosynthesis of antibiotics_,ko00270_ko01100_ko01130_,0,0,0,0,1
K00643,0,0,0,"E2.3.1.37, ALAS","Glycine, serine and threonine metabolism_Porphyrin and chlorophyll metabolism_Metabolic pathways_Biosynthesis of secondary metabolites_",ko00260_ko00860_ko01100_ko01110_,0,0,0,0,1
K00645,0,0,0,fabD,Fatty acid biosynthesis_Prodigiosin biosynthesis_Metabolic pathways_Biosynthesis of antibiotics_Fatty acid metabolism_,ko00061_ko00333_ko01100_ko01130_ko01212_,0,0,0,0,1
K00647,0,0,0,fabB,Fatty acid biosynthesis_Biotin metabolism_Metabolic pathways_Fatty acid metabolism_,ko00061_ko00780_ko01100_ko01212_,0,0,0,0,1
K00648,0,0,0,fabH,Fatty acid biosynthesis_Metabolic pathways_Fatty acid metabolism_,ko00061_ko01100_ko01212_,0,0,0,0,1
K00651,0,-0.3167856739433458,0,metA,Cysteine and methionine metabolism_Sulfur metabolism_Metabolic pathways_Biosynthesis of secondary metabolites_Biosynthesis of amino acids_,ko00270_ko00920_ko01100_ko01110_ko01230_,0,0,1,0,0
K00652,0,-0.10501726952439955,0,bioF,Biotin metabolism_Metabolic pathways_,ko00780_ko01100_,0,0,0,0,1
K00655,0,0,0,plsC,Glycerolipid metabolism_Glycerophospholipid metabolism_Metabolic pathways_Biosynthesis of secondary metabolites_,ko00561_ko00564_ko01100_ko01110_,0,0,0,0,1
K00656,0,-0.18872353904527306,0.01554843289378266,"E2.3.1.54, pflD",Pyruvate metabolism_Propanoate metabolism_Butanoate metabolism_Metabolic pathways_Microbial metabolism in diverse environments_,ko00620_ko00640_ko00650_ko01100_ko01120_,1,1,1,0,0
K00657,0,-0.08034324508408419,0,"speG, SAT",Arginine and proline metabolism_Metabolic pathways_Ferroptosis_,ko00330_ko01100_ko04216_,0,0,0,0,1
K00658,0,0,0,"DLST, sucB",Citrate cycle (TCA cycle)_Lysine degradation_Metabolic pathways_Biosynthesis of secondary metabolites_Microbial metabolism in diverse environments_Biosynthesis of antibiotics_Carbon metabolism_,ko00020_ko00310_ko01100_ko01110_ko01120_ko01130_ko01200_,0,0,0,0,1
K00660,0,0,0,CHS,Flavonoid biosynthesis_Metabolic pathways_Biosynthesis of secondary metabolites_Circadian rhythm - plant_,ko00941_ko01100_ko01110_ko04712_,0,0,0,0,1
K00661,0,0,0,maa,_,_,0,0,0,0,1
K00662,0,-0.14276065325814244,0.16942675018688255,aacC,_,_,0,0,0,0,1
K00663,0,0,2.7755575615628914e-17,aacA,_,_,0,0,0,0,1
K00666,0,0,0,K00666,_,_,0,0,0,0,1
K00672,0,-0.5005007512521914,1.1102230246251565e-16,ftr,Methane metabolism_Metabolic pathways_Microbial metabolism in diverse environments_Carbon metabolism_,ko00680_ko01100_ko01120_ko01200_,0,0,1,0,0
K00673,0,0,0,astA,Arginine and proline metabolism_Metabolic pathways_,ko00330_ko01100_,0,0,0,0,1
K00674,0,0,0,dapD,Lysine biosynthesis_Metabolic pathways_Microbial metabolism in diverse environments_Biosynthesis of amino acids_,ko00300_ko01100_ko01120_ko01230_,0,0,0,0,1
K00675,0,0,0,nhoA,_,_,0,0,0,0,1
K00676,0,0,0,NA,NA,NA,0,0,0,0,1
K00677,0,0,0.008208003599182376,lpxA,Lipopolysaccharide biosynthesis_Metabolic pathways_Cationic antimicrobial peptide (CAMP) resistance_,ko00540_ko01100_ko01503_,0,0,0,0,1
K00680,0,0,0,ytmI,_,_,0,0,0,0,1
K00681,0,0,0,ggt,Taurine and hypotaurine metabolism_Cyanoamino acid metabolism_Glutathione metabolism_Metabolic pathways_,ko00430_ko00460_ko00480_ko01100_,0,0,1,0,0
K00683,0,0,0,QPCT,_,_,0,0,0,0,1
K00684,0,0,0,aat,_,_,0,0,0,0,1
K00685,0,0,0,ATE1,_,_,0,0,0,0,1
K00686,0,0,0,tgl,_,_,0,0,0,0,1
K00687,0,0,0,"pbp2B, penA",Peptidoglycan biosynthesis_Metabolic pathways_beta-Lactam resistance_,ko00550_ko01100_ko01501_,0,0,0,0,1
K00688,0,0,2.7755575615628914e-17,"PYG, glgP",Starch and sucrose metabolism_Metabolic pathways_Biosynthesis of secondary metabolites_Biofilm formation - Escherichia coli_Necroptosis_Insulin signaling pathway_Glucagon signaling pathway_Insulin resistance_,ko00500_ko01100_ko01110_ko02026_ko04217_ko04910_ko04922_ko04931_,0,0,0,0,1
K00689,0,0,0,E2.4.1.5,Starch and sucrose metabolism_Two-component system_,ko00500_ko02020_,0,0,0,0,1
K00690,0,-0.17972815621833071,0.001005450529674462,E2.4.1.7,Starch and sucrose metabolism_,ko00500_,0,0,0,0,1
K00691,0,0,0,mapA,Starch and sucrose metabolism_Metabolic pathways_,ko00500_ko01100_,0,0,0,0,1
K00692,0,0,0,sacB,Starch and sucrose metabolism_Metabolic pathways_Two-component system_,ko00500_ko01100_ko02020_,0,0,0,0,1
