Run	Sample_Name	SubjectID	DiseaseClass	adapter	index	forward_primer	reverse_primer
SRR5665186	MG100179	H29	Healthy	CTCTCTAC	GTAGAGAG	CCGAGCCCACGAGACGTAGAGAG	GACGCTGCCGACGAGTAAGGAGGTGTAGATCTCGGTGGTCGCCGTATCATT
SRR5665185	MG100170	H19	Healthy	CGAGGCTG	CAGCCTCG	CCGAGCCCACGAGACCAGCCTCG	GACGCTGCCGACGAAGAGTAGAGTGTAGATCTCGGTGGTCGCCGTATCATT
SRR5665187	MG100178	H28	Healthy	TAGGCATG	CATGCCTA	CCGAGCCCACGAGACCATGCCTA	GACGCTGCCGACGAGTAAGGAGGTGTAGATCTCGGTGGTCGCCGTATCATT
SRR5665184	MG100171	H20	Healthy	AAGAGGCA	TGCCTCTT	CCGAGCCCACGAGACTGCCTCTT	GACGCTGCCGACGAAGAGTAGAGTGTAGATCTCGGTGGTCGCCGTATCATT
SRR5665183	MG100172	H21	Healthy	GTAGAGGA	TCCTCTAC	CCGAGCCCACGAGACTCCTCTAC	GACGCTGCCGACGAAGAGTAGAGTGTAGATCTCGGTGGTCGCCGTATCATT
SRR5665182	MG100173	H22	Healthy	TAAGGCGA	TCGCCTTA	CCGAGCCCACGAGACTCGCCTTA	GACGCTGCCGACGAGTAAGGAGGTGTAGATCTCGGTGGTCGCCGTATCATT
SRR5665181	MG100174	H23	Healthy	CGTACTAG	CTAGTACG	CCGAGCCCACGAGACCTAGTACG	GACGCTGCCGACGAGTAAGGAGGTGTAGATCTCGGTGGTCGCCGTATCATT
SRR5665180	MG100175	H24	Healthy	AGGCAGAA	TTCTGCCT	CCGAGCCCACGAGACTTCTGCCT	GACGCTGCCGACGAGTAAGGAGGTGTAGATCTCGGTGGTCGCCGTATCATT
SRR5665179	MG100176	H25	Healthy	TCCTGAGC	GCTCAGGA	CCGAGCCCACGAGACGCTCAGGA	GACGCTGCCGACGAGTAAGGAGGTGTAGATCTCGGTGGTCGCCGTATCATT
SRR5665178	MG100177	H26	Healthy	GGACTCCT	AGGAGTCC	CCGAGCCCACGAGACAGGAGTCC	GACGCTGCCGACGAGTAAGGAGGTGTAGATCTCGGTGGTCGCCGTATCATT
SRR5665164	MG100167	H15	Healthy	CTCTCTAC	GTAGAGAG	CCGAGCCCACGAGACGTAGAGAG	GACGCTGCCGACGAAGAGTAGAGTGTAGATCTCGGTGGTCGCCGTATCATT
SRR5665163	MG100166	H14	Healthy	TAGGCATG	CATGCCTA	CCGAGCCCACGAGACCATGCCTA	GACGCTGCCGACGAAGAGTAGAGTGTAGATCTCGGTGGTCGCCGTATCATT
SRR5665162	MG100165	H13	Healthy	GGACTCCT	AGGAGTCC	CCGAGCCCACGAGACAGGAGTCC	GACGCTGCCGACGAAGAGTAGAGTGTAGATCTCGGTGGTCGCCGTATCATT
SRR5665161	MG100164	H12	Healthy	TCCTGAGC	GCTCAGGA	CCGAGCCCACGAGACGCTCAGGA	GACGCTGCCGACGAAGAGTAGAGTGTAGATCTCGGTGGTCGCCGTATCATT
SRR5665160	MG100163	H11	Healthy	AGGCAGAA	TTCTGCCT	CCGAGCCCACGAGACTTCTGCCT	GACGCTGCCGACGAAGAGTAGAGTGTAGATCTCGGTGGTCGCCGTATCATT
SRR5665159	MG100162	H10	Healthy	CGTACTAG	CTAGTACG	CCGAGCCCACGAGACCTAGTACG	GACGCTGCCGACGAAGAGTAGAGTGTAGATCTCGGTGGTCGCCGTATCATT
SRR5665158	MG100161	H09	Healthy	TAAGGCGA	TCGCCTTA	CCGAGCCCACGAGACTCGCCTTA	GACGCTGCCGACGAAGAGTAGAGTGTAGATCTCGGTGGTCGCCGTATCATT
SRR5665157	MG100160	H08	Healthy	GTAGAGGA	TCCTCTAC	CCGAGCCCACGAGACTCCTCTAC	GACGCTGCCGACGATATCCTCTGTGTAGATCTCGGTGGTCGCCGTATCATT
SRR5665156	MG100169	H17	Healthy	GCTACGCT	AGCGTAGC	CCGAGCCCACGAGACAGCGTAGC	GACGCTGCCGACGAAGAGTAGAGTGTAGATCTCGGTGGTCGCCGTATCATT
SRR5665155	MG100168	H16	Healthy	CAGAGAGG	CCTCTCTG	CCGAGCCCACGAGACCCTCTCTG	GACGCTGCCGACGAAGAGTAGAGTGTAGATCTCGGTGGTCGCCGTATCATT
SRR5665144	MG100125	C01	Cancer	TAAGGCGA	TCGCCTTA	CCGAGCCCACGAGACTCGCCTTA	GACGCTGCCGACGAGCGTAAGAGTGTAGATCTCGGTGGTCGCCGTATCATT
SRR5665143	MG100192	A13	Adenoma	CAGAGAGG	CCTCTCTG	CCGAGCCCACGAGACCCTCTCTG	GACGCTGCCGACGAACTGCATAGTGTAGATCTCGGTGGTCGCCGTATCATT
SRR5665142	MG100193	A14	Adenoma	GCTACGCT	AGCGTAGC	CCGAGCCCACGAGACAGCGTAGC	GACGCTGCCGACGAACTGCATAGTGTAGATCTCGGTGGTCGCCGTATCATT
SRR5665141	MG100190	A11	Adenoma	TAGGCATG	CATGCCTA	CCGAGCCCACGAGACCATGCCTA	GACGCTGCCGACGAACTGCATAGTGTAGATCTCGGTGGTCGCCGTATCATT
SRR5665140	MG100191	A12	Adenoma	CTCTCTAC	GTAGAGAG	CCGAGCCCACGAGACGTAGAGAG	GACGCTGCCGACGAACTGCATAGTGTAGATCTCGGTGGTCGCCGTATCATT
SRR5665139	MG100196	A17	Adenoma	GTAGAGGA	TCCTCTAC	CCGAGCCCACGAGACTCCTCTAC	GACGCTGCCGACGAACTGCATAGTGTAGATCTCGGTGGTCGCCGTATCATT
SRR5665138	MG100197	A18	Adenoma	TAAGGCGA	TCGCCTTA	CCGAGCCCACGAGACTCGCCTTA	GACGCTGCCGACGAAAGGAGTAGTGTAGATCTCGGTGGTCGCCGTATCATT
SRR5665137	MG100194	A15	Adenoma	CGAGGCTG	CAGCCTCG	CCGAGCCCACGAGACCAGCCTCG	GACGCTGCCGACGAACTGCATAGTGTAGATCTCGGTGGTCGCCGTATCATT
SRR5665136	MG100195	A16	Adenoma	AAGAGGCA	TGCCTCTT	CCGAGCCCACGAGACTGCCTCTT	GACGCTGCCGACGAACTGCATAGTGTAGATCTCGGTGGTCGCCGTATCATT
SRR5665135	MG100198	A19	Adenoma	CGTACTAG	CTAGTACG	CCGAGCCCACGAGACCTAGTACG	GACGCTGCCGACGAAAGGAGTAGTGTAGATCTCGGTGGTCGCCGTATCATT
SRR5665134	MG100199	A20	Adenoma	AGGCAGAA	TTCTGCCT	CCGAGCCCACGAGACTTCTGCCT	GACGCTGCCGACGAAAGGAGTAGTGTAGATCTCGGTGGTCGCCGTATCATT
SRR5665123	MG100181	A01	Adenoma	GCTACGCT	AGCGTAGC	CCGAGCCCACGAGACAGCGTAGC	GACGCTGCCGACGAGTAAGGAGGTGTAGATCTCGGTGGTCGCCGTATCATT
SRR5665122	MG100180	H30	Healthy	CAGAGAGG	CCTCTCTG	CCGAGCCCACGAGACCCTCTCTG	GACGCTGCCGACGAGTAAGGAGGTGTAGATCTCGGTGGTCGCCGTATCATT
SRR5665121	MG100183	A03	Adenoma	AAGAGGCA	TGCCTCTT	CCGAGCCCACGAGACTGCCTCTT	GACGCTGCCGACGAGTAAGGAGGTGTAGATCTCGGTGGTCGCCGTATCATT
SRR5665120	MG100182	A02	Adenoma	CGAGGCTG	CAGCCTCG	CCGAGCCCACGAGACCAGCCTCG	GACGCTGCCGACGAGTAAGGAGGTGTAGATCTCGGTGGTCGCCGTATCATT
SRR5665119	MG100185	A05	Adenoma	TAAGGCGA	TCGCCTTA	CCGAGCCCACGAGACTCGCCTTA	GACGCTGCCGACGAACTGCATAGTGTAGATCTCGGTGGTCGCCGTATCATT
SRR5665117	MG100187	A07	Adenoma	AGGCAGAA	TTCTGCCT	CCGAGCCCACGAGACTTCTGCCT	GACGCTGCCGACGAACTGCATAGTGTAGATCTCGGTGGTCGCCGTATCATT
SRR5665118	MG100184	A04	Adenoma	GTAGAGGA	TCCTCTAC	CCGAGCCCACGAGACTCCTCTAC	GACGCTGCCGACGAGTAAGGAGGTGTAGATCTCGGTGGTCGCCGTATCATT
SRR5665116	MG100186	A06	Adenoma	CGTACTAG	CTAGTACG	CCGAGCCCACGAGACCTAGTACG	GACGCTGCCGACGAACTGCATAGTGTAGATCTCGGTGGTCGCCGTATCATT
SRR5665115	MG100189	A10	Adenoma	GGACTCCT	AGGAGTCC	CCGAGCCCACGAGACAGGAGTCC	GACGCTGCCGACGAACTGCATAGTGTAGATCTCGGTGGTCGCCGTATCATT
SRR5665114	MG100188	A09	Adenoma	TCCTGAGC	GCTCAGGA	CCGAGCCCACGAGACGCTCAGGA	GACGCTGCCGACGAACTGCATAGTGTAGATCTCGGTGGTCGCCGTATCATT
SRR5665103	MG100139	C16	Cancer	AGGCAGAA	TTCTGCCT	CCGAGCCCACGAGACTTCTGCCT	GACGCTGCCGACGACTCTCTATGTGTAGATCTCGGTGGTCGCCGTATCATT
SRR5665081	MG100209	Negative_Met	Negative	TAAGGCGA	TCGCCTTA	CCGAGCCCACGAGACTCGCCTTA	GACGCTGCCGACGACTAAGCCTGTGTAGATCTCGGTGGTCGCCGTATCATT
SRR5665080	MG100208	A29	Adenoma	GTAGAGGA	TCCTCTAC	CCGAGCCCACGAGACTCCTCTAC	GACGCTGCCGACGAAAGGAGTAGTGTAGATCTCGGTGGTCGCCGTATCATT
SRR5665079	MG100203	A24	Adenoma	CTCTCTAC	GTAGAGAG	CCGAGCCCACGAGACGTAGAGAG	GACGCTGCCGACGAAAGGAGTAGTGTAGATCTCGGTGGTCGCCGTATCATT
SRR5665078	MG100202	A23	Adenoma	TAGGCATG	CATGCCTA	CCGAGCCCACGAGACCATGCCTA	GACGCTGCCGACGAAAGGAGTAGTGTAGATCTCGGTGGTCGCCGTATCATT
SRR5665077	MG100201	A22	Adenoma	GGACTCCT	AGGAGTCC	CCGAGCCCACGAGACAGGAGTCC	GACGCTGCCGACGAAAGGAGTAGTGTAGATCTCGGTGGTCGCCGTATCATT
SRR5665075	MG100207	A28	Adenoma	AAGAGGCA	TGCCTCTT	CCGAGCCCACGAGACTGCCTCTT	GACGCTGCCGACGAAAGGAGTAGTGTAGATCTCGGTGGTCGCCGTATCATT
SRR5665076	MG100200	A21	Adenoma	TCCTGAGC	GCTCAGGA	CCGAGCCCACGAGACGCTCAGGA	GACGCTGCCGACGAAAGGAGTAGTGTAGATCTCGGTGGTCGCCGTATCATT
SRR5665074	MG100206	A27	Adenoma	CGAGGCTG	CAGCCTCG	CCGAGCCCACGAGACCAGCCTCG	GACGCTGCCGACGAAAGGAGTAGTGTAGATCTCGGTGGTCGCCGTATCATT
SRR5665073	MG100205	A26	Adenoma	GCTACGCT	AGCGTAGC	CCGAGCCCACGAGACAGCGTAGC	GACGCTGCCGACGAAAGGAGTAGTGTAGATCTCGGTGGTCGCCGTATCATT
SRR5665072	MG100204	A25	Adenoma	CAGAGAGG	CCTCTCTG	CCGAGCCCACGAGACCCTCTCTG	GACGCTGCCGACGAAAGGAGTAGTGTAGATCTCGGTGGTCGCCGTATCATT
SRR5665061	MG100134	C11	Cancer	CGAGGCTG	CAGCCTCG	CCGAGCCCACGAGACCAGCCTCG	GACGCTGCCGACGAGCGTAAGAGTGTAGATCTCGGTGGTCGCCGTATCATT
SRR5665060	MG100135	C12	Cancer	AAGAGGCA	TGCCTCTT	CCGAGCCCACGAGACTGCCTCTT	GACGCTGCCGACGAGCGTAAGAGTGTAGATCTCGGTGGTCGCCGTATCATT
SRR5665059	MG100136	C13	Cancer	GTAGAGGA	TCCTCTAC	CCGAGCCCACGAGACTCCTCTAC	GACGCTGCCGACGAGCGTAAGAGTGTAGATCTCGGTGGTCGCCGTATCATT
SRR5665058	MG100137	C14	Cancer	TAAGGCGA	TCGCCTTA	CCGAGCCCACGAGACTCGCCTTA	GACGCTGCCGACGACTCTCTATGTGTAGATCTCGGTGGTCGCCGTATCATT
SRR5665057	MG100130	C06	Cancer	TAGGCATG	CATGCCTA	CCGAGCCCACGAGACCATGCCTA	GACGCTGCCGACGAGCGTAAGAGTGTAGATCTCGGTGGTCGCCGTATCATT
SRR5665055	MG100132	C09	Cancer	CAGAGAGG	CCTCTCTG	CCGAGCCCACGAGACCCTCTCTG	GACGCTGCCGACGAGCGTAAGAGTGTAGATCTCGGTGGTCGCCGTATCATT
SRR5665056	MG100131	C08	Cancer	CTCTCTAC	GTAGAGAG	CCGAGCCCACGAGACGTAGAGAG	GACGCTGCCGACGAGCGTAAGAGTGTAGATCTCGGTGGTCGCCGTATCATT
SRR5665054	MG100133	C10	Cancer	GCTACGCT	AGCGTAGC	CCGAGCCCACGAGACAGCGTAGC	GACGCTGCCGACGAGCGTAAGAGTGTAGATCTCGGTGGTCGCCGTATCATT
SRR5665053	MG100138	C15	Cancer	CGTACTAG	CTAGTACG	CCGAGCCCACGAGACCTAGTACG	GACGCTGCCGACGACTCTCTATGTGTAGATCTCGGTGGTCGCCGTATCATT
SRR5665052	MG100129	C05	Cancer	GGACTCCT	AGGAGTCC	CCGAGCCCACGAGACAGGAGTCC	GACGCTGCCGACGAGCGTAAGAGTGTAGATCTCGGTGGTCGCCGTATCATT
SRR5665051	MG100128	C04	Cancer	TCCTGAGC	GCTCAGGA	CCGAGCCCACGAGACGCTCAGGA	GACGCTGCCGACGAGCGTAAGAGTGTAGATCTCGGTGGTCGCCGTATCATT
SRR5665049	MG100159	H07	Healthy	AAGAGGCA	TGCCTCTT	CCGAGCCCACGAGACTGCCTCTT	GACGCTGCCGACGATATCCTCTGTGTAGATCTCGGTGGTCGCCGTATCATT
SRR5665050	MG100158	H06	Healthy	CGAGGCTG	CAGCCTCG	CCGAGCCCACGAGACCAGCCTCG	GACGCTGCCGACGATATCCTCTGTGTAGATCTCGGTGGTCGCCGTATCATT
SRR5665048	MG100156	H04	Healthy	CAGAGAGG	CCTCTCTG	CCGAGCCCACGAGACCCTCTCTG	GACGCTGCCGACGATATCCTCTGTGTAGATCTCGGTGGTCGCCGTATCATT
SRR5665047	MG100157	H05	Healthy	GCTACGCT	AGCGTAGC	CCGAGCCCACGAGACAGCGTAGC	GACGCTGCCGACGATATCCTCTGTGTAGATCTCGGTGGTCGCCGTATCATT
SRR5665046	MG100154	H02	Healthy	TAGGCATG	CATGCCTA	CCGAGCCCACGAGACCATGCCTA	GACGCTGCCGACGATATCCTCTGTGTAGATCTCGGTGGTCGCCGTATCATT
SRR5665045	MG100155	H03	Healthy	CTCTCTAC	GTAGAGAG	CCGAGCCCACGAGACGTAGAGAG	GACGCTGCCGACGATATCCTCTGTGTAGATCTCGGTGGTCGCCGTATCATT
SRR5665044	MG100152	C30	Cancer	TCCTGAGC	GCTCAGGA	CCGAGCCCACGAGACGCTCAGGA	GACGCTGCCGACGATATCCTCTGTGTAGATCTCGGTGGTCGCCGTATCATT
SRR5665043	MG100153	H01	Healthy	GGACTCCT	AGGAGTCC	CCGAGCCCACGAGACAGGAGTCC	GACGCTGCCGACGATATCCTCTGTGTAGATCTCGGTGGTCGCCGTATCATT
SRR5665041	MG100151	C29	Cancer	AGGCAGAA	TTCTGCCT	CCGAGCCCACGAGACTTCTGCCT	GACGCTGCCGACGATATCCTCTGTGTAGATCTCGGTGGTCGCCGTATCATT
SRR5665042	MG100150	C28	Cancer	CGTACTAG	CTAGTACG	CCGAGCCCACGAGACCTAGTACG	GACGCTGCCGACGATATCCTCTGTGTAGATCTCGGTGGTCGCCGTATCATT
SRR5665035	MG100127	C03	Cancer	AGGCAGAA	TTCTGCCT	CCGAGCCCACGAGACTTCTGCCT	GACGCTGCCGACGAGCGTAAGAGTGTAGATCTCGGTGGTCGCCGTATCATT
SRR5665034	MG100126	C02	Cancer	CGTACTAG	CTAGTACG	CCGAGCCCACGAGACCTAGTACG	GACGCTGCCGACGAGCGTAAGAGTGTAGATCTCGGTGGTCGCCGTATCATT
SRR5665032	MG100148	C26	Cancer	GTAGAGGA	TCCTCTAC	CCGAGCCCACGAGACTCCTCTAC	GACGCTGCCGACGACTCTCTATGTGTAGATCTCGGTGGTCGCCGTATCATT
SRR5665033	MG100149	C27	Cancer	TAAGGCGA	TCGCCTTA	CCGAGCCCACGAGACTCGCCTTA	GACGCTGCCGACGATATCCTCTGTGTAGATCTCGGTGGTCGCCGTATCATT
SRR5665030	MG100144	C22	Cancer	CAGAGAGG	CCTCTCTG	CCGAGCCCACGAGACCCTCTCTG	GACGCTGCCGACGACTCTCTATGTGTAGATCTCGGTGGTCGCCGTATCATT
SRR5665029	MG100147	C25	Cancer	AAGAGGCA	TGCCTCTT	CCGAGCCCACGAGACTGCCTCTT	GACGCTGCCGACGACTCTCTATGTGTAGATCTCGGTGGTCGCCGTATCATT
SRR5665031	MG100145	C23	Cancer	GCTACGCT	AGCGTAGC	CCGAGCCCACGAGACAGCGTAGC	GACGCTGCCGACGACTCTCTATGTGTAGATCTCGGTGGTCGCCGTATCATT
SRR5665028	MG100146	C24	Cancer	CGAGGCTG	CAGCCTCG	CCGAGCCCACGAGACCAGCCTCG	GACGCTGCCGACGACTCTCTATGTGTAGATCTCGGTGGTCGCCGTATCATT
SRR5665027	MG100141	C18	Cancer	GGACTCCT	AGGAGTCC	CCGAGCCCACGAGACAGGAGTCC	GACGCTGCCGACGACTCTCTATGTGTAGATCTCGGTGGTCGCCGTATCATT
SRR5665026	MG100140	C17	Cancer	TCCTGAGC	GCTCAGGA	CCGAGCCCACGAGACGCTCAGGA	GACGCTGCCGACGACTCTCTATGTGTAGATCTCGGTGGTCGCCGTATCATT
SRR5665024	MG100142	C19	Cancer	TAGGCATG	CATGCCTA	CCGAGCCCACGAGACCATGCCTA	GACGCTGCCGACGACTCTCTATGTGTAGATCTCGGTGGTCGCCGTATCATT
SRR5665025	MG100143	C20	Cancer	CTCTCTAC	GTAGAGAG	CCGAGCCCACGAGACGTAGAGAG	GACGCTGCCGACGACTCTCTATGTGTAGATCTCGGTGGTCGCCGTATCATT
